fips,czone1990
01001,11101
01003,11001
01005,10301
01007,10801
01009,10700
01011,09800
01013,11101
01015,09600
01017,09600
01019,06600
01021,10700
01023,10802
01025,11001
01027,09500
01029,09600
01031,10302
01033,06200
01035,11002
01037,09500
01039,11102
01041,11102
01043,10700
01045,10302
01047,10801
01049,06100
01051,11101
01053,11002
01055,06100
01057,10600
01059,06200
01061,10302
01063,10802
01065,10801
01067,10302
01069,10302
01071,06100
01073,10700
01075,10600
01077,06200
01079,06000
01081,09800
01083,06000
01085,11101
01087,09800
01089,06000
01091,10802
01093,10600
01095,06100
01097,11001
01099,11002
01101,11101
01103,06000
01105,10801
01107,10501
01109,11102
01111,09600
01113,09701
01115,10700
01117,10700
01119,10802
01121,09500
01123,09500
01125,10801
01127,10600
01129,11001
01131,11001
01133,10600
02013,34101
02016,34114
02020,34102
02050,34112
02060,34104
02070,34107
02090,34115
02100,34109
02110,34109
02122,34102
02130,34111
02150,34108
02164,34107
02170,34102
02180,34106
02185,34113
02188,34105
02201,34111
02220,34110
02231,34109
02240,34115
02261,34103
02270,34112
02280,34110
02290,34115
04001,35500
04003,35100
04005,35401
04007,35001
04009,35002
04011,35002
04012,38300
04013,35001
04015,37901
04017,35500
04019,35100
04021,35001
04023,35100
04025,35401
04027,38100
05001,04301
05003,04101
05005,25101
05007,30300
05009,25103
05011,04102
05013,04103
05015,25103
05017,04102
05019,34001
05021,25900
05023,25104
05025,04102
05027,04001
05029,04200
05031,25900
05033,30100
05035,05300
05037,05300
05039,04103
05041,04102
05043,04102
05045,04200
05047,30000
05049,25102
05051,34001
05053,04200
05055,25900
05057,34001
05059,34001
05061,34001
05063,25105
05065,25105
05067,04302
05069,04102
05071,30000
05073,04001
05075,25900
05077,05300
05079,04102
05081,33500
05083,30000
05085,04200
05087,30300
05089,25101
05091,33500
05093,25800
05095,04301
05097,34001
05099,34001
05101,25103
05103,04103
05105,04200
05107,05300
05109,34001
05111,25900
05113,34002
05115,30000
05117,04301
05119,04200
05121,25900
05123,05300
05125,04200
05127,30100
05129,25103
05131,30100
05133,34002
05135,25105
05137,25104
05139,04103
05141,25104
05143,30300
05145,04302
05147,04302
05149,30000
06001,37800
06003,37400
06005,37400
06007,37300
06009,37400
06011,37300
06013,37800
06015,36901
06017,37400
06019,37200
06021,37300
06023,36700
06025,38100
06027,37903
06029,37100
06031,37200
06033,37700
06035,36501
06037,38300
06039,37200
06041,37800
06043,37000
06045,37700
06047,37000
06049,36501
06051,37903
06053,37500
06055,37800
06057,37400
06059,38300
06061,37400
06063,37603
06065,38300
06067,37400
06069,37500
06071,38300
06073,38000
06075,37800
06077,37400
06079,38200
06081,37800
06083,38200
06085,37500
06087,37500
06089,36600
06091,37603
06093,36501
06095,37800
06097,37700
06099,37000
06101,37300
06103,36600
06105,36700
06107,37200
06109,37000
06111,38300
06113,37400
06115,37300
08001,28900
08003,34805
08005,28900
08007,35300
08009,28501
08011,28502
08013,28900
08015,28701
08017,28504
08019,28900
08021,34805
08023,34805
08025,28502
08027,28401
08029,35201
08031,28900
08033,35402
08035,28900
08037,28702
08039,28900
08041,28401
08043,28401
08045,28702
08047,28900
08049,28703
08051,35202
08053,35202
08055,28503
08057,28704
08059,28900
08061,28504
08063,28504
08065,28702
08067,35300
08069,28800
08071,28503
08073,28402
08075,28301
08077,35201
08079,34805
08081,36401
08083,35402
08085,35201
08087,28800
08089,28502
08091,35201
08093,28900
08095,28301
08097,28702
08099,28502
08101,28502
08103,36401
08105,34805
08107,36401
08109,34805
08111,35300
08113,35201
08115,28302
08117,28702
08119,28401
08121,28301
08123,28800
08125,28301
09001,20901
09003,20901
09005,20901
09007,20901
09009,20901
09011,20901
09013,20901
09015,20901
10001,19901
10003,19800
10005,19901
11001,11304
12001,07900
12003,07600
12005,10000
12007,07900
12009,07300
12011,07000
12013,09900
12015,06900
12017,07800
12019,07600
12021,07200
12023,07700
12025,07000
12027,06900
12029,07900
12031,07600
12033,10900
12035,07500
12037,10000
12039,09900
12041,07900
12043,07100
12045,10000
12047,07700
12049,06800
12051,07100
12053,06700
12055,06800
12057,06700
12059,09900
12061,07300
12063,09900
12065,09900
12067,07700
12069,07400
12071,07200
12073,09900
12075,07900
12077,09900
12079,07700
12081,06900
12083,07800
12085,07100
12087,07000
12089,07600
12091,10900
12093,07100
12095,07400
12097,07400
12099,07100
12101,06700
12103,06700
12105,06800
12107,07500
12109,07600
12111,07100
12113,10900
12115,06900
12117,07400
12119,07400
12121,07700
12123,07700
12125,07900
12127,07500
12129,09900
12131,10900
12133,09900
13001,09001
13003,08601
13005,08601
13007,10200
13009,09002
13011,09400
13013,09301
13015,06600
13017,08501
13019,08503
13021,08900
13023,08900
13025,08602
13027,08503
13029,08800
13031,08702
13033,08401
13035,09200
13037,10301
13039,07600
13043,08702
13045,09600
13047,06401
13049,07600
13051,08800
13053,09701
13055,06600
13057,09100
13059,09301
13061,10301
13063,09100
13065,08601
13067,09100
13069,08601
13071,08503
13073,08401
13075,08503
13077,09600
13079,08900
13081,08502
13083,06401
13085,09100
13087,10101
13089,09100
13091,09001
13093,08502
13095,10200
13097,09100
13099,10301
13101,08503
13103,08800
13105,09302
13107,08702
13109,08701
13111,06501
13113,09100
13115,06600
13117,09100
13119,09302
13121,09100
13123,06501
13125,08401
13127,08602
13129,06600
13131,10102
13133,08402
13135,09100
13137,09400
13139,09400
13141,09002
13143,09600
13145,09701
13147,09302
13149,09600
13151,09100
13153,08900
13155,08501
13157,09400
13159,09100
13161,09001
13163,08401
13165,08702
13167,09003
13169,08900
13171,09200
13173,08503
13175,09003
13177,10200
13179,08701
13181,08402
13183,08701
13185,08503
13187,09400
13189,08401
13191,08602
13193,09702
13195,09301
13197,09702
13199,09701
13201,10101
13205,10200
13207,08900
13209,09001
13211,09100
13213,06600
13215,09701
13217,09100
13219,09301
13221,09301
13223,09100
13225,08900
13227,09100
13229,08601
13231,09200
13233,06600
13235,08900
13237,09002
13239,10301
13241,01201
13243,10301
13245,08401
13247,09100
13249,09702
13251,08702
13253,10101
13255,09200
13257,09302
13259,09702
13261,09702
13263,09701
13265,08402
13267,08701
13269,08900
13271,09001
13273,10200
13275,10102
13277,08503
13279,09001
13281,01204
13283,09001
13285,09600
13287,08503
13289,08900
13291,01204
13293,09200
13295,06401
13297,09100
13299,08601
13301,08401
13303,09003
13305,08701
13307,09702
13309,09001
13311,09400
13313,06600
13315,08502
13317,08402
13319,09002
13321,10200
15001,35600
15003,34701
15005,34703
15007,34702
15009,34703
16001,35801
16003,35803
16005,36301
16007,36403
16009,38601
16011,36301
16013,35701
16015,35801
16017,38601
16019,36301
16021,34501
16023,36301
16025,35701
16027,35801
16029,36403
16031,35702
16033,36301
16035,38401
16037,36302
16039,35801
16041,36200
16043,36301
16045,35801
16047,35701
16049,38401
16051,36301
16053,35701
16055,38601
16057,38402
16059,36302
16061,38401
16063,35701
16065,36301
16067,35702
16069,38401
16071,36200
16073,35801
16075,35802
16077,36301
16079,38601
16081,36303
16083,35701
16085,35803
16087,35802
17001,25000
17003,25601
17005,24900
17007,24400
17009,24801
17011,23900
17013,24900
17015,24400
17017,24801
17019,23500
17021,24802
17023,23301
17025,23302
17027,25500
17029,23301
17031,24300
17033,23302
17035,23301
17037,24400
17039,23400
17041,23500
17043,24300
17045,23301
17047,14801
17049,23302
17051,23302
17053,23500
17055,25601
17057,23700
17059,25602
17061,24801
17063,24300
17065,25500
17067,23600
17069,25602
17071,23600
17073,23801
17075,24200
17077,25601
17079,23302
17081,25500
17083,24900
17085,23200
17087,25601
17089,24300
17091,24200
17093,24300
17095,23700
17097,24300
17099,23900
17101,14802
17103,24400
17105,23400
17107,24802
17109,23700
17111,24300
17113,23400
17115,23500
17117,24900
17119,24900
17121,25500
17123,23900
17125,23900
17127,25401
17129,24802
17131,23801
17133,24701
17135,24900
17137,24801
17139,23500
17141,24400
17143,23900
17145,25601
17147,23500
17149,25000
17151,25401
17153,25601
17155,23900
17157,25601
17159,14801
17161,23801
17163,24701
17165,25602
17167,24802
17169,24801
17171,24801
17173,23500
17175,23801
17177,24400
17179,23900
17181,25601
17183,14500
17185,14700
17187,23700
17189,25500
17191,14801
17193,14801
17195,24400
17197,24300
17199,25601
17201,24400
17203,23900
18001,14100
18003,14100
18005,14300
18007,14500
18009,14000
18011,14200
18013,14200
18015,14500
18017,13900
18019,13101
18021,14400
18023,14500
18025,13101
18027,14600
18029,12800
18031,12800
18033,14100
18035,14000
18037,14700
18039,13700
18041,12600
18043,13101
18045,14500
18047,12800
18049,13800
18051,14700
18053,14000
18055,14600
18057,14200
18059,14200
18061,13101
18063,14200
18065,14000
18067,13900
18069,14100
18071,14300
18073,14900
18075,14100
18077,13102
18079,14300
18081,14200
18083,14802
18085,13800
18087,13700
18089,14900
18091,13600
18093,14600
18095,14000
18097,14200
18099,13600
18101,14600
18103,13900
18105,14600
18107,14400
18109,14200
18111,14900
18113,13700
18115,12800
18117,14600
18119,14600
18121,14400
18123,14700
18125,14700
18127,14900
18129,14700
18131,13900
18133,14400
18135,14000
18137,12800
18139,14200
18141,13600
18143,14300
18145,14200
18147,14700
18149,13600
18151,14100
18153,14400
18155,12800
18157,14500
18159,13900
18161,12600
18163,14700
18165,14400
18167,14400
18169,13800
18171,14500
18173,14700
18175,13101
18177,12600
18179,14100
18181,14500
18183,14100
19001,27501
19003,28201
19005,23200
19007,26106
19009,27503
19011,22200
19013,22001
19015,27501
19017,22001
19019,22001
19021,27401
19023,22001
19025,27402
19027,27504
19029,27503
19031,22100
19033,21801
19035,27401
19037,21802
19039,27502
19041,27301
19043,23200
19045,23802
19047,27504
19049,27501
19051,22300
19053,27502
19055,23200
19057,23600
19059,27301
19061,23200
19063,27302
19065,22001
19067,21802
19069,22002
19071,28201
19073,27504
19075,22001
19077,27501
19079,27402
19081,21801
19083,22002
19085,28202
19087,23600
19089,21802
19091,27402
19093,27401
19095,22200
19097,23802
19099,21900
19101,22300
19103,22100
19105,22200
19107,22300
19109,27301
19111,23600
19113,22200
19115,22100
19117,26106
19119,27201
19121,27501
19123,22300
19125,22300
19127,21900
19129,28202
19131,21802
19133,28001
19135,22300
19137,28201
19139,22100
19141,27201
19143,27202
19145,28201
19147,27301
19149,28001
19151,27402
19153,27501
19155,28202
19157,21900
19159,27502
19161,27401
19163,23801
19165,27503
19167,27201
19169,27501
19171,21900
19173,28201
19175,27502
19177,22300
19179,22300
19181,27501
19183,22100
19185,26106
19187,27402
19189,21801
19191,21802
19193,28001
19195,21801
19197,27402
20001,29401
20003,29401
20005,29501
20007,29001
20009,29004
20011,29901
20013,29201
20015,29301
20017,29402
20019,29303
20021,29901
20023,28606
20025,29003
20027,29203
20029,29101
20031,29402
20033,29002
20035,29303
20037,29901
20039,28601
20041,29203
20043,29503
20045,29204
20047,29004
20049,29303
20051,29006
20053,29005
20055,31001
20057,29003
20059,29401
20061,29203
20063,28604
20065,29007
20067,31002
20069,29003
20071,31003
20073,29303
20075,31001
20077,29301
20079,29302
20081,31001
20083,29003
20085,29204
20087,29204
20089,29101
20091,29502
20093,31001
20095,29301
20097,29001
20099,29403
20101,29008
20103,29501
20105,29104
20107,29502
20109,28604
20111,29402
20113,29302
20115,29302
20117,29202
20119,31004
20121,29502
20123,29103
20125,29403
20127,29203
20129,31006
20131,29201
20133,29403
20135,29008
20137,28602
20139,29204
20141,29103
20143,29104
20145,29004
20147,28603
20149,29203
20151,29001
20153,28601
20155,29005
20157,29101
20159,29005
20161,29203
20163,29007
20165,29004
20167,29006
20169,29104
20171,31003
20173,29301
20175,31004
20177,29204
20179,28604
20181,28605
20183,28603
20185,29004
20187,31002
20189,31002
20191,29301
20193,28604
20195,29006
20197,29204
20199,28605
20201,29202
20203,31003
20205,29403
20207,29401
20209,29502
21001,04601
21003,05401
21005,12901
21007,25401
21009,05402
21011,12902
21013,00301
21015,12701
21017,12901
21019,17100
21021,12903
21023,12702
21025,04501
21027,13000
21029,13101
21031,13200
21033,25200
21035,25402
21037,12701
21039,25401
21041,13102
21043,17100
21045,04601
21047,05900
21049,12901
21051,04401
21053,04602
21055,25200
21057,05402
21059,13200
21061,05401
21063,17100
21065,04402
21067,12901
21069,12702
21071,17000
21073,12901
21075,25300
21077,12701
21079,12903
21081,12701
21083,25300
21085,13000
21087,04601
21089,17100
21091,13200
21093,13000
21095,04502
21097,12901
21099,05402
21101,25200
21103,13101
21105,25300
21107,25200
21109,04402
21111,13101
21113,12901
21115,17000
21117,12701
21119,04502
21121,04401
21123,13000
21125,04401
21127,17000
21129,04501
21131,04502
21133,04502
21135,12702
21137,12903
21139,25401
21141,05401
21143,25200
21145,25401
21147,04602
21149,13200
21151,04402
21153,17000
21155,13103
21157,25401
21159,17000
21161,12702
21163,13000
21165,12902
21167,12903
21169,05402
21171,05402
21173,12902
21175,04501
21177,13200
21179,13103
21181,12901
21183,13200
21185,13101
21187,12901
21189,04501
21191,12701
21193,04502
21195,17000
21197,12901
21199,04602
21201,12901
21203,04402
21205,17100
21207,04601
21209,12901
21211,13101
21213,05401
21215,13101
21217,04601
21219,05900
21221,05900
21223,13102
21225,25200
21227,05401
21229,13103
21231,04602
21233,25200
21235,04401
21237,04501
21239,12901
22001,03800
22003,03700
22005,03500
22007,03400
22009,03600
22011,03700
22013,04002
22015,04002
22017,04002
22019,03700
22021,03901
22023,03700
22025,03201
22027,04002
22029,03202
22031,04002
22033,03500
22035,03902
22037,03500
22039,03800
22041,03901
22043,03600
22045,03800
22047,03500
22049,04003
22051,03300
22053,03700
22055,03800
22057,03400
22059,03201
22061,04003
22063,03500
22065,03203
22067,03901
22069,04002
22071,03300
22073,03901
22075,03300
22077,03500
22079,03600
22081,04002
22083,03901
22085,04004
22087,03300
22089,03300
22091,03500
22093,03300
22095,03300
22097,03800
22099,03800
22101,03400
22103,03300
22105,03500
22107,03202
22109,03400
22111,03901
22113,03800
22115,03700
22117,03300
22119,04002
22121,03500
22123,03902
22125,03500
22127,04003
23001,20100
23003,20003
23005,20100
23007,20100
23009,20001
23011,20100
23013,20001
23015,20100
23017,20100
23019,20001
23021,20001
23023,20100
23025,20100
23027,20001
23029,20002
23031,20600
24001,17501
24003,11302
24005,11302
24009,11304
24011,19902
24013,11302
24015,19800
24017,11304
24019,19902
24021,11304
24023,17501
24025,11302
24027,11302
24029,19902
24031,11304
24033,11304
24035,19902
24037,11304
24039,19901
24041,19902
24043,17400
24045,19901
24047,19901
24510,11302
25001,20500
25003,20902
25005,20401
25007,20403
25009,20500
25011,20800
25013,20800
25015,20800
25017,20500
25019,20402
25021,20500
25023,20500
25025,20500
25027,20500
26001,12401
26003,11401
26005,12200
26007,12401
26009,12301
26011,11900
26013,21002
26015,12100
26017,11900
26019,12301
26021,13600
26023,13700
26025,12100
26027,13600
26029,12302
26031,12302
26033,11403
26035,11800
26037,11700
26039,12402
26041,11401
26043,11402
26045,11700
26047,12302
26049,11600
26051,11900
26053,21003
26055,12301
26057,11800
26059,11500
26061,21002
26063,11900
26065,11700
26067,12200
26069,12401
26071,11402
26073,11800
26075,11500
26077,12100
26079,12301
26081,12200
26083,21002
26085,12001
26087,11600
26089,12301
26091,11500
26093,11600
26095,11403
26097,11403
26099,11600
26101,12002
26103,11401
26105,12002
26107,12001
26109,11402
26111,11900
26113,12001
26115,13501
26117,12200
26119,12402
26121,12200
26123,12200
26125,11600
26127,12200
26129,12402
26131,21003
26133,12001
26135,12402
26137,12402
26139,12200
26141,12401
26143,12402
26145,11900
26147,11600
26149,13700
26151,11600
26153,11401
26155,11600
26157,11900
26159,12100
26161,11600
26163,11600
26165,12001
27001,21600
27003,21501
27005,26701
27007,26701
27009,21400
27011,26601
27013,21301
27015,21301
27017,26002
27019,21501
27021,21600
27023,27101
27025,21501
27027,26801
27029,26701
27031,26003
27033,27202
27035,21600
27037,21501
27039,21701
27041,26901
27043,27302
27045,21701
27047,21702
27049,21701
27051,26901
27053,21501
27055,22900
27057,26701
27059,21501
27061,21600
27063,27202
27065,21502
27067,27101
27069,26702
27071,26004
27073,27101
27075,26002
27077,26001
27079,21301
27081,27102
27083,27102
27085,21201
27087,26701
27089,26703
27091,27302
27093,21201
27095,21400
27097,26902
27099,21702
27101,27202
27103,21301
27105,27202
27107,26801
27109,21701
27111,26901
27113,26703
27115,21502
27117,27102
27119,26704
27121,26901
27123,21501
27125,26703
27127,21202
27129,21202
27131,21302
27133,27102
27135,26001
27137,26002
27139,21501
27141,21400
27143,21201
27145,21400
27147,21302
27149,26901
27151,27101
27153,26902
27155,26601
27157,21701
27159,26902
27161,21302
27163,21501
27165,21301
27167,26801
27169,22800
27171,21501
27173,27101
28001,03202
28003,05100
28005,03101
28007,03001
28009,05201
28011,04800
28013,05000
28015,04701
28017,05000
28019,10502
28021,03203
28023,10400
28025,10502
28027,04702
28029,03003
28031,02900
28033,05202
28035,02900
28037,03202
28039,02700
28041,02700
28043,04701
28045,02700
28047,02700
28049,03003
28051,03001
28053,03002
28055,04800
28057,05000
28059,02700
28061,02800
28063,03203
28065,02900
28067,02800
28069,10400
28071,04702
28073,02900
28075,10400
28077,03102
28079,03003
28081,05000
28083,04701
28085,03102
28087,10501
28089,03003
28091,03101
28093,05202
28095,05000
28097,04701
28099,10400
28101,10400
28103,10501
28105,10502
28107,04702
28109,02700
28111,02900
28113,03101
28115,05000
28117,05100
28119,04702
28121,03003
28123,03003
28125,04800
28127,03003
28129,02800
28131,02700
28133,04800
28135,04702
28137,05202
28139,05201
28141,05100
28143,05202
28145,05201
28147,03101
28149,03203
28151,04800
28153,02800
28155,10502
28157,03101
28159,10502
28161,04702
28163,03002
29001,26107
29003,29503
29005,29505
29007,24702
29009,29800
29011,29902
29013,29502
29015,29504
29017,25701
29019,29601
29021,29503
29023,25702
29025,29503
29027,29601
29029,29602
29031,25701
29033,26102
29035,25702
29037,29502
29039,29902
29041,26103
29043,29700
29045,23600
29047,29502
29049,29503
29051,29601
29053,29601
29055,24701
29057,29902
29059,29700
29061,29503
29063,29503
29065,24500
29067,29700
29069,25800
29071,24701
29073,24701
29075,29506
29077,29700
29079,26104
29081,29506
29083,29504
29085,29700
29087,29505
29089,29601
29091,25102
29093,24600
29095,29502
29097,29901
29099,24701
29101,29502
29103,26107
29105,29700
29107,29502
29109,29800
29111,25000
29113,24701
29115,26103
29117,26102
29119,30300
29121,26101
29123,24600
29125,24500
29127,25000
29129,26104
29131,29602
29133,25701
29135,29601
29137,26101
29139,24702
29141,29602
29143,25701
29145,29901
29147,29505
29149,25102
29151,29601
29153,25101
29155,25800
29157,24600
29159,29504
29161,24500
29163,25000
29165,29502
29167,29700
29169,24500
29171,26105
29173,25000
29175,26101
29177,29502
29179,24500
29181,25702
29183,24701
29185,29504
29186,24600
29187,24600
29189,24701
29195,26102
29197,26107
29199,26107
29201,25701
29203,25102
29205,26101
29207,25701
29209,29800
29211,26105
29213,29800
29215,25102
29217,29902
29219,24701
29221,24600
29223,25702
29225,29700
29227,29506
29229,29700
29510,24701
30001,34401
30003,34304
30005,34201
30007,34403
30009,34308
30011,26401
30013,34203
30015,34203
30017,34305
30019,26405
30021,26409
30023,34404
30025,26402
30027,34204
30029,34503
30031,34402
30033,34306
30035,34202
30037,34308
30039,34404
30041,34201
30043,34403
30045,34203
30047,34503
30049,34403
30051,34201
30053,34502
30055,26406
30057,34402
30059,34309
30061,34504
30063,34504
30065,34308
30067,34402
30069,34204
30071,26408
30073,34202
30075,34307
30077,34404
30079,34305
30081,34504
30083,26411
30085,26406
30087,34307
30089,34503
30091,26407
30093,34404
30095,34308
30097,34402
30099,34203
30101,34202
30103,34307
30105,26408
30107,34309
30109,26409
30111,34308
30113,34402
31001,27901
31003,27801
31005,28304
31007,27701
31009,28305
31011,27802
31013,27701
31015,27001
31017,27003
31019,28608
31021,28002
31023,27802
31025,28202
31027,27005
31029,28607
31031,28304
31033,27702
31035,27901
31037,27802
31039,28002
31041,28305
31043,28001
31045,27701
31047,28609
31049,28302
31051,28001
31053,28202
31055,28202
31057,28606
31059,27902
31061,28608
31063,28609
31065,28609
31067,28101
31069,28303
31071,27002
31073,28609
31075,28304
31077,27002
31079,27903
31081,27903
31083,28609
31085,28607
31087,28607
31089,27001
31091,28304
31093,27903
31095,28101
31097,28102
31099,28608
31101,28302
31103,27003
31105,27702
31107,27005
31109,28101
31111,28306
31113,28306
31115,27002
31117,28306
31119,27801
31121,27903
31123,27701
31125,27802
31127,28102
31129,29102
31131,28102
31133,28102
31135,28302
31137,28609
31139,27801
31141,27802
31143,27902
31145,28607
31147,28102
31149,27003
31151,28101
31153,28202
31155,28202
31157,27701
31159,28101
31161,27704
31163,28608
31165,27701
31167,27801
31169,29102
31171,28305
31173,28002
31175,27002
31177,28202
31179,28001
31181,27901
31183,27001
31185,27902
32001,37604
32003,37901
32005,37400
32007,37601
32009,37901
32011,37601
32013,37602
32015,37601
32017,37901
32019,37604
32021,37902
32023,37901
32027,37602
32029,37604
32031,37604
32033,37601
32510,37604
33001,20600
33003,20600
33005,20700
33007,20301
33009,20302
33011,20600
33013,20600
33015,20600
33017,20600
33019,20302
34001,19700
34003,19600
34005,19700
34007,19700
34009,19700
34011,19700
34013,19600
34015,19700
34017,19600
34019,19600
34021,19600
34023,19600
34025,19500
34027,19600
34029,19500
34031,19600
34033,19700
34035,19600
34037,19600
34039,19600
34041,19600
35001,34901
35003,34902
35005,30701
35006,34901
35007,34801
35009,30901
35011,30702
35013,30601
35015,30701
35017,30604
35019,30702
35021,34803
35023,30604
35025,30801
35027,30602
35028,34802
35029,30604
35031,35500
35033,34801
35035,30602
35037,34803
35039,34802
35041,30901
35043,34901
35045,35300
35047,34801
35049,34802
35051,30603
35053,34902
35055,34802
35057,34901
35059,34804
35061,34901
36001,18600
36003,18201
36005,19400
36007,17900
36009,18201
36011,17700
36013,16500
36015,18100
36017,17800
36019,18400
36021,18600
36023,17700
36025,17800
36027,19300
36029,18000
36031,18400
36033,18400
36035,18500
36037,18000
36039,18600
36041,18500
36043,17700
36045,18300
36047,19400
36049,18300
36051,18000
36053,17700
36055,18000
36057,18500
36059,19400
36061,19400
36063,18000
36065,17700
36067,17700
36069,18000
36071,19300
36073,18000
36075,17700
36077,17800
36079,19400
36081,19400
36083,18600
36085,19400
36087,19600
36089,18300
36091,18600
36093,18600
36095,18600
36097,18100
36099,18000
36101,18100
36103,19400
36105,19300
36107,17900
36109,18100
36111,19300
36113,18600
36115,18600
36117,18000
36119,19400
36121,18000
36123,18000
37001,00500
37003,01100
37005,00602
37007,00900
37009,00601
37011,01001
37013,02100
37015,02600
37017,01500
37019,01500
37021,01203
37023,01002
37025,00900
37027,01100
37029,02000
37031,01900
37033,00500
37035,01100
37037,01701
37039,01204
37041,02000
37043,01204
37045,00800
37047,01500
37049,01900
37051,01400
37053,02000
37055,02100
37057,00500
37059,00401
37061,01800
37063,01701
37065,01600
37067,00401
37069,01701
37071,00800
37073,02000
37075,01202
37077,01701
37079,01900
37081,00500
37083,02600
37085,01701
37087,01203
37089,01203
37091,02600
37093,01400
37095,02100
37097,01100
37099,01202
37101,01701
37103,01900
37105,01701
37107,01900
37109,00800
37111,01002
37113,01201
37115,01203
37117,02100
37119,00900
37121,01002
37123,01400
37125,01400
37127,01600
37129,01500
37131,02600
37133,01900
37135,01701
37137,01900
37139,02000
37141,01500
37143,02000
37145,01701
37147,01900
37149,00700
37151,00500
37153,01400
37155,01400
37157,00500
37159,00900
37161,00800
37163,01800
37165,01400
37167,00900
37169,00401
37171,00401
37173,01202
37175,01203
37177,02100
37179,00900
37181,01702
37183,01701
37185,01702
37187,02100
37189,01001
37191,01800
37193,00601
37195,01600
37197,00401
37199,01002
38001,26404
38003,26803
38005,26301
38007,26410
38009,26304
38011,26403
38013,26412
38015,26201
38017,26801
38019,26702
38021,26802
38023,26412
38025,26410
38027,26302
38029,26203
38031,26302
38033,26409
38035,26704
38037,26202
38039,26804
38041,26404
38043,26204
38045,26803
38047,26203
38049,26304
38051,26203
38053,26411
38055,26201
38057,26201
38059,26201
38061,26411
38063,26301
38065,26201
38067,26702
38069,26305
38071,26301
38073,26802
38075,26304
38077,26801
38079,26303
38081,26802
38083,26305
38085,26603
38087,26403
38089,26410
38091,26704
38093,26803
38095,26303
38097,26704
38099,26702
38101,26304
38103,26305
38105,26412
39001,12701
39003,13400
39005,16000
39007,15200
39009,15800
39011,13400
39013,15600
39015,12701
39017,12701
39019,15000
39021,12501
39023,12501
39025,12701
39027,12502
39029,16400
39031,15000
39033,16000
39035,15200
39037,12501
39039,13502
39041,15900
39043,15100
39045,15900
39047,12502
39049,15900
39051,13501
39053,15800
39055,15200
39057,12501
39059,15400
39061,12701
39063,13300
39065,13300
39067,15000
39069,13501
39071,12502
39073,15900
39075,15000
39077,15100
39079,15700
39081,15500
39083,15900
39085,15200
39087,17100
39089,15900
39091,12501
39093,15100
39095,13501
39097,15900
39099,16400
39101,16000
39103,15200
39105,15800
39107,13400
39109,12501
39111,15600
39113,12501
39115,15400
39117,16000
39119,15400
39121,15400
39123,13501
39125,13502
39127,15400
39129,15900
39131,15700
39133,15200
39135,12501
39137,13400
39139,16000
39141,15700
39143,13300
39145,15700
39147,13300
39149,12501
39151,15000
39153,15200
39155,16400
39157,15000
39159,15900
39161,13400
39163,15700
39165,12701
39167,15300
39169,15000
39171,13502
39173,13501
39175,13300
40001,30200
40003,30502
40005,33901
40007,31004
40009,33801
40011,30502
40013,33902
40015,33802
40017,33803
40019,33700
40021,30200
40023,34002
40025,31006
40027,33803
40029,33901
40031,33601
40033,33601
40035,30402
40037,30402
40039,33801
40041,30300
40043,30502
40045,30501
40047,30502
40049,33700
40051,33802
40053,30502
40055,33602
40057,33602
40059,30501
40061,30100
40063,33901
40065,33602
40067,33601
40069,33700
40071,30402
40073,33803
40075,33602
40077,30100
40079,30100
40081,33803
40083,33803
40085,33700
40087,33803
40089,34002
40091,30200
40093,30502
40095,33700
40097,30402
40099,33700
40101,30200
40103,30401
40105,29403
40107,30403
40109,33803
40111,30403
40113,30402
40115,29901
40117,30402
40119,30401
40121,30100
40123,33901
40125,33803
40127,34002
40129,33801
40131,30402
40133,33803
40135,30100
40137,33601
40139,31006
40141,33603
40143,30402
40145,30402
40147,29403
40149,33801
40151,30502
40153,30501
41001,39201
41003,38901
41005,38801
41007,38700
41009,38801
41011,36902
41013,39203
41015,36901
41017,39203
41019,36902
41021,39204
41023,39205
41025,36502
41027,38802
41029,36800
41031,39203
41033,36800
41035,36501
41037,36503
41039,38901
41041,38902
41043,38901
41045,35802
41047,38901
41049,39100
41051,38801
41053,38901
41055,38802
41057,38902
41059,39100
41061,39201
41063,39202
41065,38802
41067,38801
41069,39204
41071,38901
42001,19200
42003,16300
42005,16300
42007,16300
42009,16200
42011,19100
42013,16200
42015,18900
42017,19700
42019,16300
42021,16200
42023,18202
42025,19000
42027,16100
42029,19700
42031,16500
42033,16100
42035,18900
42037,18800
42039,16500
42041,19200
42043,19200
42045,19700
42047,18202
42049,16500
42051,16300
42053,16500
42055,17400
42057,17400
42059,16300
42061,16100
42063,16300
42065,16100
42067,19200
42069,18800
42071,19100
42073,16400
42075,19100
42077,19000
42079,18800
42081,18900
42083,18201
42085,16400
42087,19200
42089,18800
42091,19700
42093,18700
42095,19000
42097,18700
42099,19200
42101,19700
42103,18800
42105,18201
42107,19100
42109,18700
42111,16200
42113,18900
42115,17900
42117,18100
42119,18700
42121,16500
42123,16500
42125,16300
42127,18800
42129,16300
42131,18800
42133,19200
44001,20401
44003,20401
44005,20401
44007,20401
44009,20401
45001,08300
45003,08401
45005,08201
45007,08300
45009,08201
45011,08201
45013,08800
45015,08202
45017,08100
45019,08202
45021,00700
45023,00900
45025,01301
45027,08000
45029,08202
45031,01302
45033,01302
45035,08202
45037,08401
45039,08100
45041,01302
45043,01302
45045,08300
45047,08300
45049,08201
45051,01302
45053,08800
45055,08000
45057,00900
45059,08300
45061,08000
45063,08100
45065,08300
45067,01302
45069,01301
45071,08100
45073,08300
45075,08100
45077,08300
45079,08100
45081,08100
45083,00700
45085,08000
45087,00700
45089,01302
45091,00900
46003,27006
46005,27007
46007,27704
46009,27005
46011,26501
46013,26605
46015,27009
46017,27009
46019,27601
46021,26604
46023,27008
46025,26504
46027,26503
46029,26504
46031,26603
46033,27601
46035,27006
46037,26602
46039,26504
46041,27602
46043,27008
46045,26605
46047,27601
46049,26605
46051,26601
46053,27004
46055,27603
46057,26504
46059,27010
46061,27006
46063,26401
46065,27011
46067,27008
46069,27010
46071,27603
46073,27007
46075,27604
46077,26501
46079,26502
46081,27601
46083,26503
46085,27009
46087,26503
46089,26605
46091,26602
46093,27601
46095,27605
46097,26502
46099,26503
46101,26501
46103,27601
46105,26404
46107,27012
46109,26602
46111,27006
46113,27704
46115,26605
46117,27011
46119,27011
46121,27605
46123,27004
46125,26503
46127,28001
46129,26604
46135,27005
46137,27602
47001,00302
47003,05700
47005,05800
47007,06402
47009,00302
47011,06502
47013,00302
47015,05600
47017,05800
47019,00100
47021,05600
47023,04901
47025,00301
47027,05402
47029,00200
47031,05700
47033,04901
47035,06402
47037,05600
47039,04903
47041,06301
47043,05800
47045,04902
47047,05202
47049,06402
47051,05700
47053,04901
47055,05500
47057,00200
47059,00100
47061,06401
47063,00200
47065,06401
47067,00301
47069,04901
47071,05100
47073,00100
47075,04902
47077,04903
47079,05800
47081,05500
47083,05900
47085,05800
47087,06302
47089,00200
47091,01001
47093,00302
47095,04902
47097,04902
47099,06200
47101,05500
47103,06000
47105,00302
47107,06502
47109,05100
47111,05600
47113,04901
47115,06401
47117,05500
47119,05500
47121,06502
47123,06502
47125,05900
47127,05700
47129,00302
47131,25300
47133,06302
47135,04903
47137,06302
47139,06502
47141,06302
47143,06402
47145,00302
47147,05600
47149,05600
47151,04602
47153,06401
47155,00200
47157,05202
47159,05600
47161,05900
47163,00100
47165,05600
47167,05202
47169,05600
47171,00100
47173,00302
47175,06301
47177,06301
47179,00100
47181,06200
47183,25300
47185,06301
47187,05600
47189,05600
48001,33300
48003,31401
48005,32201
48007,31700
48009,32601
48011,30903
48013,31301
48015,32000
48017,30902
48019,31301
48021,31201
48023,32603
48025,31302
48027,32900
48029,31301
48031,31201
48033,32401
48035,32801
48037,33500
48039,31900
48041,31800
48043,31404
48045,30906
48047,31700
48049,32701
48051,31800
48053,31202
48055,31201
48057,31101
48059,32501
48061,31600
48063,33500
48065,30904
48067,33500
48069,30902
48071,32000
48073,33300
48075,32502
48077,32601
48079,30802
48081,32301
48083,32701
48085,33100
48087,30905
48089,31102
48091,31301
48093,32702
48095,32302
48097,33100
48099,32900
48101,32502
48103,31401
48105,31403
48107,30802
48109,30605
48111,31007
48113,33100
48115,32401
48117,30903
48119,33200
48121,33100
48123,31101
48125,32503
48127,31501
48129,30906
48131,31700
48133,32501
48135,31401
48137,32304
48139,33100
48141,30601
48143,32702
48145,32801
48147,33902
48149,31102
48151,32402
48153,30908
48155,32604
48157,32000
48159,33500
48161,32802
48163,31502
48165,30801
48167,32000
48169,30802
48171,31303
48173,32401
48175,31101
48177,31103
48179,30904
48181,33902
48183,33400
48185,31800
48187,31301
48189,30908
48191,30906
48193,32702
48195,31005
48197,32604
48199,32100
48201,32000
48203,33400
48205,31007
48207,32503
48209,31201
48211,30904
48213,33300
48215,31600
48217,32801
48219,30802
48221,33000
48223,33200
48225,32201
48227,32401
48229,30601
48231,33200
48233,30904
48235,32301
48237,32602
48239,31101
48241,32100
48243,31404
48245,32100
48247,31503
48249,31700
48251,33000
48253,32501
48255,31302
48257,33100
48259,31301
48261,31700
48263,32403
48265,31303
48267,32303
48269,32503
48271,32305
48273,31700
48275,32503
48277,33200
48279,30902
48281,32900
48283,31502
48285,31101
48287,31201
48289,32802
48291,32000
48293,32802
48295,31005
48297,31301
48299,31202
48301,31402
48303,30802
48305,30802
48307,32302
48309,32801
48311,31301
48313,32201
48315,33400
48317,31401
48319,31304
48321,31900
48323,32306
48325,31301
48327,32303
48329,31401
48331,31201
48333,32701
48335,32403
48337,33000
48339,32000
48341,31007
48343,33500
48345,30907
48347,32202
48349,32802
48351,32100
48353,32402
48355,31700
48357,31005
48359,30903
48361,32100
48363,33000
48365,33400
48367,33000
48369,30901
48371,31403
48373,32100
48375,30903
48377,31404
48379,33200
48381,30903
48383,32401
48385,32304
48387,33200
48389,31402
48391,31700
48393,30904
48395,31800
48397,33100
48399,32302
48401,33400
48403,32202
48405,32202
48407,32000
48409,31700
48411,32701
48413,32301
48415,32403
48417,32501
48419,32202
48421,31006
48423,33300
48425,33000
48427,31600
48429,32501
48431,32301
48433,32503
48435,32304
48437,30908
48439,33000
48441,32501
48443,32305
48445,30801
48447,32602
48449,33500
48451,32301
48453,31201
48455,32201
48457,32100
48459,33400
48461,31401
48463,32304
48465,32305
48467,33300
48469,31101
48471,32201
48473,32000
48475,31402
48477,32000
48479,31503
48481,31900
48483,30905
48485,32601
48487,32604
48489,31600
48491,31201
48493,31301
48495,31402
48497,33000
48499,33300
48501,30801
48503,32602
48505,31503
48507,31501
49001,35901
49003,36200
49005,36200
49007,35902
49009,36404
49011,36100
49013,36402
49015,35902
49017,35904
49019,35903
49021,35901
49023,36000
49025,35401
49027,36000
49029,36100
49031,35904
49033,36404
49035,36100
49037,35402
49039,35902
49041,35904
49043,36100
49045,36100
49047,36402
49049,36000
49051,36100
49053,35901
49055,35905
49057,36100
50001,20200
50003,20902
50005,20301
50007,20200
50009,20301
50011,20200
50013,20200
50015,20200
50017,20302
50019,20301
50021,20200
50023,20302
50025,20700
50027,20302
51001,19903
51003,17600
51005,17300
51007,02400
51009,02300
51011,02300
51013,11304
51015,17300
51017,17300
51019,02300
51021,11201
51023,16600
51025,02200
51027,11201
51029,17600
51031,02300
51033,11301
51035,00602
51036,02400
51037,02200
51041,02400
51043,17502
51045,16600
51047,17600
51049,02200
51051,11203
51053,02400
51057,11303
51059,11304
51061,11304
51063,16600
51065,17600
51067,16600
51069,17502
51071,16600
51073,02500
51075,02400
51077,00602
51079,17600
51081,02600
51083,02200
51085,02400
51087,02400
51089,00402
51091,17300
51093,02500
51095,02500
51097,02400
51099,11301
51101,02400
51103,11303
51105,11203
51107,11304
51109,17600
51111,02200
51113,17600
51115,02500
51117,02200
51119,02500
51121,16600
51125,17300
51127,02400
51131,19903
51133,11303
51135,02200
51137,17600
51139,17200
51141,00402
51143,00500
51145,02400
51147,02200
51149,02400
51153,11304
51155,16600
51157,11304
51159,11303
51161,16600
51163,17300
51165,17200
51167,11201
51169,00100
51171,17200
51173,00100
51175,02500
51177,11301
51179,11301
51181,02500
51183,02400
51185,11201
51187,11304
51191,00100
51193,11303
51195,11203
51197,11201
51199,02500
51510,11304
51515,02300
51520,00100
51530,17300
51540,17600
51550,02000
51560,17300
51570,02400
51580,17300
51590,00500
51595,02600
51600,11304
51610,11304
51620,02500
51630,11301
51640,00602
51650,02500
51660,17200
51670,02400
51678,17300
51680,02300
51683,11304
51685,11304
51690,00402
51700,02500
51710,02000
51720,11203
51730,02400
51735,02500
51740,02000
51750,16600
51760,02400
51770,16600
51775,16600
51780,02200
51790,17300
51800,02000
51810,02000
51820,17300
51830,02500
51840,17502
53001,38501
53003,38401
53005,39100
53007,38502
53009,39303
53011,38801
53013,39100
53015,38700
53017,38502
53019,38602
53021,39100
53023,38401
53025,38501
53027,38700
53029,39400
53031,39303
53033,39400
53035,39400
53037,39000
53039,38802
53041,39400
53043,38601
53045,39400
53047,38602
53049,38700
53051,38601
53053,39400
53055,39301
53057,39400
53059,38801
53061,39400
53063,38601
53065,38602
53067,39400
53069,38700
53071,39100
53073,39302
53075,38402
53077,39000
54001,16701
54003,17400
54005,16901
54007,16802
54009,15500
54011,17100
54013,16902
54015,16901
54017,16702
54019,16801
54021,16802
54023,17501
54025,16801
54027,17502
54029,15500
54031,17501
54033,16702
54035,15300
54037,17400
54039,16901
54041,16703
54043,16901
54045,16901
54047,11202
54049,16702
54051,15600
54053,15800
54055,11201
54057,17501
54059,17000
54061,16702
54063,16600
54065,17400
54067,16802
54069,15600
54071,17200
54073,15300
54075,16701
54077,16702
54079,16901
54081,16801
54083,16701
54085,15300
54087,16902
54089,16801
54091,16702
54093,16701
54095,15600
54097,16703
54099,17100
54101,16802
54103,15600
54105,15300
54107,15300
54109,11202
55001,22700
55003,21001
55005,21101
55007,21001
55009,22601
55011,22800
55013,21102
55015,22500
55017,22800
55019,22700
55021,23100
55023,23000
55025,23100
55027,24100
55029,22601
55031,26002
55033,22800
55035,22800
55037,11402
55039,22500
55041,21004
55043,23000
55045,23000
55047,22500
55049,23100
55051,21003
55053,22800
55055,24100
55057,22900
55059,24000
55061,22601
55063,22900
55065,23000
55067,22602
55069,22700
55071,22400
55073,22700
55075,11402
55077,23100
55078,22602
55079,24100
55081,22900
55083,22601
55085,21004
55087,22500
55089,24100
55091,22800
55093,21501
55095,21102
55097,22700
55099,21001
55101,24000
55103,23100
55105,24000
55107,21101
55109,21501
55111,23100
55113,21101
55115,22602
55117,22400
55119,22700
55121,22800
55123,22900
55125,21004
55127,24000
55129,21101
55131,24100
55133,24100
55135,22500
55137,22500
55139,22500
55141,22700
56001,28704
56003,34301
56005,34601
56007,34602
56009,34603
56011,34601
56013,34303
56015,27703
56017,34302
56019,34304
56021,27702
56023,36404
56025,34603
56027,34604
56029,34301
56031,27703
56033,34304
56035,36404
56037,36404
56039,36303
56041,36404
56043,34302
56045,34601
