_PARENT_,_NAME_,county,cluster
CL625,cty39007,39007,625
CL625,cty27143,27143,625
CL625,cty08017,08017,625
CL625,cty08061,08061,625
CL625,cty08011,08011,625
CL625,cty08099,08099,625
CL625,cty20185,20185,625
CL625,cty20009,20009,625
CL625,cty20165,20165,625
CL625,cty27117,27117,625
CL625,cty27133,27133,625
CL625,cty27081,27081,625
CL625,cty27083,27083,625
CL625,cty27073,27073,625
CL625,cty27067,27067,625
CL625,cty27151,27151,625
CL625,cty27015,27015,625
CL625,cty27165,27165,625
CL625,cty27127,27127,625
CL625,cty27129,27129,625
CL625,cty27085,27085,625
CL625,cty27093,27093,625
CL625,cty41029,41029,625
CL625,cty41033,41033,625
CL625,cty20047,20047,625
CL625,cty20145,20145,625
CL625,cty20113,20113,625
CL625,cty20155,20155,625
CL625,cty20159,20159,625
CL625,cty20033,20033,625
CL625,cty20007,20007,625
CL625,cty27023,27023,625
CL625,cty27173,27173,625
CL625,cty20079,20079,625
CL625,cty20115,20115,625
CL625,cty20097,20097,625
CL625,cty20151,20151,625
CL625,cty20077,20077,625
CL625,cty20095,20095,625
CL625,cty02130,02130,625
CL625,cty02201,02201,625
CL625,cty27131,27131,625
CL625,cty27047,27047,625
CL625,cty27099,27099,625
CL625,cty19131,19131,625
CL625,cty19089,19089,625
CL625,cty19191,19191,625
CL625,cty27147,27147,625
CL625,cty27161,27161,625
CL625,cty19037,19037,625
CL625,cty19067,19067,625
CL625,cty27043,27043,625
CL625,cty19119,19119,625
CL625,cty48445,48445,625
CL625,cty48411,48411,625
CL625,cty48193,48193,625
CL625,cty48363,48363,625
CL625,cty48417,48417,625
CL625,cty19109,19109,625
CL625,cty19147,19147,625
CL625,cty19041,19041,625
CL625,cty19059,19059,625
CL625,cty19063,19063,625
CL625,cty27091,27091,625
CL625,cty27101,27101,625
CL625,cty27033,27033,625
CL625,cty27063,27063,625
CL625,cty19141,19141,625
CL625,cty19167,19167,625
CL625,cty35025,35025,625
CL625,cty53023,53023,625
CL625,cty05003,05003,625
CL625,cty05017,05017,625
CL625,cty05011,05011,625
CL625,cty05043,05043,625
CL625,cty22065,22065,625
CL625,cty22107,22107,625
CL625,cty22035,22035,625
CL625,cty22123,22123,625
CL625,cty48083,48083,625
CL625,cty48093,48093,625
CL625,cty48143,48143,625
CL625,cty48447,48447,625
CL625,cty48133,48133,625
CL625,cty48429,48429,625
CL625,cty19143,19143,625
CL625,cty27105,27105,625
CL625,cty48165,48165,625
CL625,cty48501,48501,625
CL625,cty16057,16057,625
CL625,cty53075,53075,625
CL625,cty48049,48049,625
CL625,cty48333,48333,625
CL625,cty48237,48237,625
CL625,cty48503,48503,625
CL625,cty48345,48345,625
CL625,cty48437,48437,625
CL625,cty38033,38033,625
CL625,cty19001,19001,625
CL625,cty19077,19077,625
CL625,cty48129,48129,625
CL625,cty48153,48153,625
CL625,cty48189,48189,625
CL625,cty30021,30021,625
CL625,cty30109,30109,625
CL625,cty19073,19073,625
CL625,cty19165,19165,625
CL625,cty48045,48045,625
CL625,cty48191,48191,625
CL625,cty20005,20005,625
CL625,cty20103,20103,625
CL625,cty20013,20013,625
CL625,cty20131,20131,625
CL625,cty19027,19027,625
CL625,cty19047,19047,625
CL625,cty19009,19009,625
CL625,cty19029,19029,625
CL625,cty13241,13241,625
CL625,cty37113,37113,625
CL625,cty40141,40141,625
CL625,cty48087,48087,625
CL625,cty48483,48483,625
CL625,cty40057,40057,625
CL625,cty46033,46033,625
CL625,cty46047,46047,625
CL625,cty40075,40075,625
CL625,cty26101,26101,625
CL625,cty26105,26105,625
CL625,cty56007,56007,625
CL625,cty40055,40055,625
CL625,cty40065,40065,625
CL625,cty29005,29005,625
CL625,cty29087,29087,625
CL625,cty56045,56045,625
CL625,cty46019,46019,625
CL625,cty46081,46081,625
CL625,cty56027,56027,625
CL625,cty30025,30025,625
CL625,cty29075,29075,625
CL625,cty29081,29081,625
CL625,cty29147,29147,625
CL625,cty29227,29227,625
CL625,cty19159,19159,625
CL625,cty19175,19175,625
CL625,cty19039,19039,625
CL625,cty19053,19053,625
CL625,cty19117,19117,625
CL625,cty56005,56005,625
CL625,cty56011,56011,625
CL625,cty56009,56009,625
CL625,cty56025,56025,625
CL625,cty55071,55071,625
CL625,cty55117,55117,625
CL625,cty53037,53037,625
CL625,cty53077,53077,625
CL625,cty53001,53001,625
CL625,cty53025,53025,625
CL625,cty38037,38037,625
CL625,cty38011,38011,625
CL625,cty38087,38087,625
CL625,cty19007,19007,625
CL625,cty19185,19185,625
CL625,cty29117,29117,625
CL625,cty29171,29171,625
CL625,cty29211,29211,625
CL625,cty46021,46021,625
CL625,cty46129,46129,625
CL625,cty38085,38085,625
CL625,cty46031,46031,625
CL625,cty38041,38041,625
CL625,cty29079,29079,625
CL625,cty29129,29129,625
CL625,cty37005,37005,625
CL625,cty38019,38019,625
CL625,cty38001,38001,625
CL625,cty46105,46105,625
CL625,cty37009,37009,625
CL625,cty37193,37193,625
CL625,cty27069,27069,625
CL625,cty46107,46107,625
CL625,cty46119,46119,625
CL625,cty35051,35051,625
CL625,cty38067,38067,625
CL625,cty38099,38099,625
CL625,cty38069,38069,625
CL625,cty38027,38027,625
CL625,cty38031,38031,625
CL625,cty38063,38063,625
CL625,cty38079,38079,625
CL625,cty38095,38095,625
CL625,cty02180,02180,625
CL625,cty35029,35029,625
CL625,cty35003,35003,625
CL625,cty35053,35053,625
CL625,cty38083,38083,625
CL625,cty38103,38103,625
CL625,cty38005,38005,625
CL625,cty38071,38071,625
CL625,cty06045,06045,625
CL625,cty35017,35017,625
CL625,cty35023,35023,625
CL625,cty48229,48229,625
CL625,cty35027,35027,625
CL625,cty35035,35035,625
CL625,cty06033,06033,625
CL625,cty06097,06097,625
CL625,cty02240,02240,625
CL625,cty02261,02261,625
CL625,cty02188,02188,625
CL625,cty35013,35013,625
CL625,cty48141,48141,625
CL625,cty02090,02090,625
CL625,cty02290,02290,625
CL625,cty56019,56019,625
CL625,cty48319,48319,625
CL625,cty48399,48399,625
CL625,cty46037,46037,625
CL625,cty27155,27155,625
CL625,cty30003,30003,625
CL625,cty56033,56033,625
CL625,cty30033,30033,625
CL625,cty30017,30017,625
CL625,cty30079,30079,625
CL625,cty48267,48267,625
CL625,cty48327,48327,625
CL625,cty48095,48095,625
CL625,cty48307,48307,625
CL625,cty48137,48137,625
CL625,cty48435,48435,625
CL625,cty48385,48385,625
CL625,cty48463,48463,625
CL625,cty48105,48105,625
CL625,cty48371,48371,625
CL625,cty48323,48323,625
CL625,cty46091,46091,625
CL625,cty46109,46109,625
CL625,cty27011,27011,625
CL625,cty46051,46051,625
CL625,cty31003,31003,625
CL625,cty30075,30075,625
CL625,cty48443,48443,625
CL625,cty46053,46053,625
CL625,cty46123,46123,625
CL625,cty31149,31149,625
CL625,cty31015,31015,625
CL625,cty30087,30087,625
CL625,cty30103,30103,625
CL625,cty48271,48271,625
CL625,cty48465,48465,625
CL625,cty08087,08087,625
CL625,cty20167,20167,625
CL625,cty20065,20065,625
CL625,cty20163,20163,625
CL625,cty20137,20137,625
CL625,cty20123,20123,625
CL625,cty20141,20141,625
CL625,cty31017,31017,625
CL625,cty31103,31103,625
CL625,cty31089,31089,625
CL625,cty31183,31183,625
CL625,cty49055,49055,625
CL625,cty49053,49053,625
CL625,cty08069,08069,625
CL625,cty08123,08123,625
CL625,cty08075,08075,625
CL625,cty08095,08095,625
CL625,cty08121,08121,625
CL625,cty08125,08125,625
CL625,cty20051,20051,625
CL625,cty20195,20195,625
CL625,cty20147,20147,625
CL625,cty20183,20183,625
CL625,cty08007,08007,625
CL625,cty49041,49041,625
CL625,cty49001,49001,625
CL625,cty49021,49021,625
CL625,cty06029,06029,625
CL625,cty31045,31045,625
CL625,cty35045,35045,625
CL625,cty08029,08029,625
CL625,cty08077,08077,625
CL625,cty08051,08051,625
CL625,cty08053,08053,625
CL625,cty49017,49017,625
CL625,cty49031,49031,625
CL625,cty06027,06027,625
CL625,cty06051,06051,625
CL625,cty46007,46007,625
CL625,cty46095,46095,625
CL625,cty46121,46121,625
CL625,cty46075,46075,625
CL625,cty08067,08067,625
CL625,cty08111,08111,625
CL625,cty31161,31161,625
CL625,cty46113,46113,625
CL625,cty46055,46055,625
CL625,cty46071,46071,625
CL625,cty20027,20027,625
CL625,cty30035,30035,625
CL625,cty30005,30005,625
CL625,cty30015,30015,625
CL625,cty30027,30027,625
CL625,cty30069,30069,625
CL625,cty06079,06079,625
CL625,cty06083,06083,625
CL625,cty38043,38043,625
CL625,cty20089,20089,625
CL625,cty31129,31129,625
CL625,cty31169,31169,625
CL625,cty20117,20117,625
CL625,cty20201,20201,625
CL625,cty30073,30073,625
CL625,cty30101,30101,625
CL625,cty30041,30041,625
CL625,cty30051,30051,625
CL625,cty30045,30045,625
CL625,cty16037,16037,625
CL625,cty16059,16059,625
CL625,cty38029,38029,625
CL625,cty38039,38039,625
CL625,cty38021,38021,625
CL625,cty20029,20029,625
CL625,cty20157,20157,625
CL625,cty30013,30013,625
CL625,cty30099,30099,625
CL625,cty38047,38047,625
CL625,cty38051,38051,625
CL625,cty38003,38003,625
CL625,cty38073,38073,625
CL625,cty38081,38081,625
CL625,cty30001,30001,625
CL625,cty56013,56013,625
CL625,cty38045,38045,625
CL625,cty38093,38093,625
CL625,cty38013,38013,625
CL625,cty30083,30083,625
CL625,cty30019,30019,625
CL625,cty30071,30071,625
CL625,cty30105,30105,625
CL625,cty30067,30067,625
CL625,cty30097,30097,625
CL625,cty30031,30031,625
CL625,cty30057,30057,625
CL625,cty56017,56017,625
CL625,cty56043,56043,625
CL625,cty56003,56003,625
CL625,cty56029,56029,625
CL625,cty02150,02150,625
CL625,cty02220,02220,625
CL625,cty02280,02280,625
CL625,cty02100,02100,625
CL625,cty32017,32017,625
CL625,cty32033,32033,625
CL625,cty16021,16021,625
CL625,cty30053,30053,625
CL625,cty30089,30089,625
CL625,cty38023,38023,625
CL625,cty38105,38105,625
CL625,cty38053,38053,625
CL625,cty38061,38061,625
CL625,cty30091,30091,625
CL625,cty53055,53055,625
CL625,cty02070,02070,625
CL625,cty02164,02164,625
CL625,cty02013,02013,625
CL625,cty02016,02016,625
CL625,cty02110,02110,625
CL625,cty02231,02231,625
CL625,cty35055,35055,625
CL625,cty30029,30029,625
CL625,cty30047,30047,625
CL625,cty30055,30055,625
CL625,cty30085,30085,625
CL625,cty53029,53029,625
CL625,cty30059,30059,625
CL625,cty30107,30107,625
CL625,cty30011,30011,625
CL625,cty46063,46063,625
CL625,cty53057,53057,625
CL625,cty53073,53073,625
CL625,cty06023,06023,625
CL625,cty06105,06105,625
CL625,cty41025,41025,625
CL625,cty41037,41037,625
CL625,cty41011,41011,625
CL625,cty41019,41019,625
CL625,cty06015,06015,625
CL625,cty41015,41015,625
CL625,cty06093,06093,625
CL625,cty41035,41035,625
CL625,cty06035,06035,625
CL625,cty06049,06049,625
CL625,cty27031,27031,625
CL625,cty27071,27071,625
CL625,cty35011,35011,625
CL625,cty35019,35019,625
CL625,cty48109,48109,625
CL625,cty20071,20071,625
CL625,cty20101,20101,625
CL625,cty20135,20135,625
CL625,cty08009,08009,625
CL625,cty35005,35005,625
CL625,cty35015,35015,625
CL625,cty20023,20023,625
CL625,cty31057,31057,625
CL625,cty20039,20039,625
CL625,cty20153,20153,625
CL625,cty08063,08063,625
CL625,cty08073,08073,625
CL625,cty20181,20181,625
CL625,cty20199,20199,625
CL625,cty20171,20171,625
CL625,cty20203,20203,625
CL625,cty25019,25019,625
CL625,cty08055,08055,625
CL625,cty08071,08071,625
CL625,cty41041,41041,625
CL625,cty41057,41057,625
CL625,cty25001,25001,625
CL625,cty25007,25007,625
CL625,cty41063,41063,625
CL625,cty06073,06073,625
CL625,cty32001,32001,625
CL625,cty32021,32021,625
CL625,cty41001,41001,625
CL625,cty41061,41061,625
CL625,cty02050,02050,625
CL625,cty02270,02270,625
CL625,cty04027,04027,625
CL625,cty06025,06025,625
CL625,cty23003,23003,625
CL625,cty23029,23029,625
CL625,cty15005,15005,625
CL625,cty08049,08049,625
CL625,cty15001,15001,625
CL625,cty08057,08057,625
CL625,cty56001,56001,625
CL625,cty15007,15007,625
CL625,cty15003,15003,625
CL625,cty15009,15009,625
CL626,cty27001,27001,626
CL626,cty27061,27061,626
CL626,cty27021,27021,626
CL626,cty27035,27035,626
CL626,cty27107,27107,626
CL626,cty27029,27029,626
CL626,cty27005,27005,626
CL626,cty27087,27087,626
CL626,cty27007,27007,626
CL626,cty27057,27057,626
CL627,cty29089,29089,627
CL627,cty29019,29019,627
CL627,cty29053,29053,627
CL627,cty29041,29041,627
CL627,cty29115,29115,627
CL627,cty29121,29121,627
CL627,cty29205,29205,627
CL627,cty29137,29137,627
CL627,cty29175,29175,627
CL628,cty28137,28137,628
CL628,cty28143,28143,628
CL628,cty28027,28027,628
CL628,cty28135,28135,628
CL628,cty28071,28071,628
CL628,cty28161,28161,628
CL628,cty28107,28107,628
CL628,cty28119,28119,628
CL628,cty28043,28043,628
CL628,cty28097,28097,628
CL633,cty48391,48391,633
CL633,cty48177,48177,633
CL633,cty48239,48239,633
CL633,cty48123,48123,633
CL633,cty48285,48285,633
CL633,cty48175,48175,633
CL633,cty48057,48057,633
CL633,cty48469,48469,633
CL636,cty18031,18031,636
CL636,cty18139,18139,636
CL636,cty18145,18145,636
CL636,cty18047,18047,636
CL636,cty18137,18137,636
CL637,cty33005,33005,637
CL637,cty50025,50025,637
CL637,cty50001,50001,637
CL637,cty50021,50021,637
CL637,cty25003,25003,637
CL637,cty50003,50003,637
CL641,cty40063,40063,641
CL641,cty40123,40123,641
CL641,cty40005,40005,641
CL641,cty40029,40029,641
CL641,cty40081,40081,641
CL641,cty40107,40107,641
CL641,cty40111,40111,641
CL641,cty40125,40125,641
CL641,cty40133,40133,641
CL643,cty54035,54035,643
CL643,cty54007,54007,643
CL643,cty54021,54021,643
CL643,cty54067,54067,643
CL643,cty54101,54101,643
CL643,cty54013,54013,643
CL643,cty54087,54087,643
CL646,cty27065,27065,646
CL646,cty27115,27115,646
CL646,cty27171,27171,646
CL646,cty27003,27003,646
CL646,cty27059,27059,646
CL646,cty27095,27095,646
CL646,cty27141,27141,646
CL648,cty36089,36089,648
CL648,cty36045,36045,648
CL648,cty36049,36049,648
CL648,cty36019,36019,648
CL648,cty36031,36031,648
CL648,cty36033,36033,648
CL649,cty28079,28079,649
CL649,cty28123,28123,649
CL649,cty28011,28011,649
CL649,cty28133,28133,649
CL649,cty28053,28053,649
CL649,cty28163,28163,649
CL649,cty28007,28007,649
CL649,cty28051,28051,649
CL650,cty49027,49027,650
CL650,cty49019,49019,650
CL650,cty49023,49023,650
CL650,cty49049,49049,650
CL650,cty49039,49039,650
CL650,cty49007,49007,650
CL650,cty49015,49015,650
CL651,cty42021,42021,651
CL651,cty42111,42111,651
CL651,cty42067,42067,651
CL651,cty42087,42087,651
CL651,cty42027,42027,651
CL651,cty42061,42061,651
CL651,cty42009,42009,651
CL651,cty42013,42013,651
CL654,cty20099,20099,654
CL654,cty20001,20001,654
CL654,cty20207,20207,654
CL654,cty20125,20125,654
CL654,cty20133,20133,654
CL654,cty20205,20205,654
CL654,cty20049,20049,654
CL654,cty20073,20073,654
CL654,cty20019,20019,654
CL654,cty20035,20035,654
CL654,cty40105,40105,654
CL654,cty40147,40147,654
CL655,cty06109,06109,655
CL655,cty06077,06077,655
CL655,cty06043,06043,655
CL655,cty06005,06005,655
CL655,cty06047,06047,655
CL655,cty06099,06099,655
CL655,cty06003,06003,655
CL655,cty06009,06009,655
CL657,cty12079,12079,657
CL657,cty12029,12029,657
CL657,cty12123,12123,657
CL657,cty12067,12067,657
CL657,cty12121,12121,657
CL657,cty12023,12023,657
CL657,cty12047,12047,657
CL660,cty35006,35006,660
CL660,cty04017,04017,660
CL660,cty04025,04025,660
CL660,cty49037,49037,660
CL660,cty04001,04001,660
CL660,cty35031,35031,660
CL660,cty04005,04005,660
CL660,cty49025,49025,660
CL660,cty08033,08033,660
CL660,cty08083,08083,660
CL661,cty01023,01023,661
CL661,cty01119,01119,661
CL661,cty01063,01063,661
CL661,cty01091,01091,661
CL661,cty01007,01007,661
CL661,cty01047,01047,661
CL661,cty01105,01105,661
CL661,cty01065,01065,661
CL661,cty01125,01125,661
CL663,cty12055,12055,663
CL663,cty12015,12015,663
CL663,cty12027,12027,663
CL663,cty12081,12081,663
CL663,cty12115,12115,663
CL663,cty12049,12049,663
CL663,cty12105,12105,663
CL664,cty47147,47147,664
CL664,cty47021,47021,664
CL664,cty47037,47037,664
CL664,cty47187,47187,664
CL666,cty48347,48347,666
CL666,cty48419,48419,666
CL666,cty48403,48403,666
CL666,cty48405,48405,666
CL666,cty48373,48373,666
CL666,cty48457,48457,666
CL666,cty48225,48225,666
CL666,cty48313,48313,666
CL666,cty48471,48471,666
CL666,cty48005,48005,666
CL666,cty48455,48455,666
CL667,cty19197,19197,667
CL667,cty19035,19035,667
CL667,cty19149,19149,667
CL667,cty19093,19093,667
CL667,cty19091,19091,667
CL667,cty19151,19151,667
CL667,cty19079,19079,667
CL667,cty19069,19069,667
CL667,cty19083,19083,667
CL667,cty19021,19021,667
CL667,cty19161,19161,667
CL667,cty19025,19025,667
CL667,cty19187,19187,667
CL668,cty16033,16033,668
CL668,cty16051,16051,668
CL668,cty16043,16043,668
CL668,cty16065,16065,668
CL670,cty45001,45001,670
CL670,cty45007,45007,670
CL670,cty45047,45047,670
CL670,cty45065,45065,670
CL670,cty45059,45059,670
CL670,cty45071,45071,670
CL670,cty45073,45073,670
CL670,cty45045,45045,670
CL670,cty45077,45077,670
CL671,cty05015,05015,671
CL671,cty29009,29009,671
CL671,cty29109,29109,671
CL671,cty29209,29209,671
CL671,cty29213,29213,671
CL677,cty26087,26087,677
CL677,cty26063,26063,677
CL677,cty26157,26157,677
CL677,cty26147,26147,677
CL677,cty26151,26151,677
CL677,cty26049,26049,677
CL677,cty26155,26155,677
CL679,cty51051,51051,679
CL679,cty51173,51173,679
CL679,cty51027,51027,679
CL679,cty51167,51167,679
CL679,cty51021,51021,679
CL679,cty51197,51197,679
CL679,cty51185,51185,679
CL679,cty54055,54055,679
CL680,cty04009,04009,680
CL680,cty04011,04011,680
CL680,cty02060,02060,680
CL680,cty04003,04003,680
CL680,cty04019,04019,680
CL680,cty04023,04023,680
CL682,cty21055,21055,682
CL682,cty21033,21033,682
CL682,cty21143,21143,682
CL682,cty21101,21101,682
CL682,cty21225,21225,682
CL682,cty21107,21107,682
CL682,cty21233,21233,682
CL686,cty37163,37163,686
CL686,cty37017,37017,686
CL686,cty37047,37047,686
CL686,cty37061,37061,686
CL686,cty37191,37191,686
CL687,cty20189,20189,687
CL687,cty48341,48341,687
CL687,cty48195,48195,687
CL687,cty20119,20119,687
CL687,cty20067,20067,687
CL687,cty20187,20187,687
CL687,cty20129,20129,687
CL687,cty48295,48295,687
CL687,cty48357,48357,687
CL687,cty20175,20175,687
CL687,cty40007,40007,687
CL687,cty40025,40025,687
CL687,cty40139,40139,687
CL687,cty48421,48421,687
CL690,cty51181,51181,690
CL690,cty51183,51183,690
CL690,cty37073,37073,690
CL690,cty51800,51800,690
CL690,cty51093,51093,690
CL690,cty51175,51175,690
CL690,cty51620,51620,690
CL698,cty55049,55049,698
CL698,cty55045,55045,698
CL698,cty55065,55065,698
CL698,cty55077,55077,698
CL698,cty55103,55103,698
CL698,cty55111,55111,698
CL698,cty55023,55023,698
CL698,cty55043,55043,698
CL698,cty55021,55021,698
CL698,cty55025,55025,698
CL701,cty26095,26095,701
CL701,cty26071,26071,701
CL701,cty26033,26033,701
CL701,cty26097,26097,701
CL701,cty26013,26013,701
CL701,cty26041,26041,701
CL701,cty26153,26153,701
CL701,cty26003,26003,701
CL701,cty26103,26103,701
CL702,cty28159,28159,702
CL702,cty01107,01107,702
CL702,cty28025,28025,702
CL702,cty28087,28087,702
CL702,cty28103,28103,702
CL702,cty28019,28019,702
CL702,cty28105,28105,702
CL702,cty28155,28155,702
CL704,cty35059,35059,704
CL704,cty35007,35007,704
CL704,cty35021,35021,704
CL704,cty35037,35037,704
CL704,cty35033,35033,704
CL704,cty35047,35047,704
CL705,cty05027,05027,705
CL705,cty05073,05073,705
CL705,cty05057,05057,705
CL705,cty05099,05099,705
CL706,cty22003,22003,706
CL706,cty22011,22011,706
CL706,cty22115,22115,706
CL706,cty22053,22053,706
CL706,cty22019,22019,706
CL706,cty22023,22023,706
CL708,cty40059,40059,708
CL708,cty40073,40073,708
CL708,cty40045,40045,708
CL708,cty40153,40153,708
CL708,cty40043,40043,708
CL708,cty40003,40003,708
CL708,cty40151,40151,708
CL708,cty40047,40047,708
CL708,cty40053,40053,708
CL708,cty40011,40011,708
CL708,cty40093,40093,708
CL710,cty17107,17107,710
CL710,cty17125,17125,710
CL710,cty17057,17057,710
CL710,cty17109,17109,710
CL710,cty17009,17009,710
CL710,cty17017,17017,710
CL710,cty17169,17169,710
CL711,cty47059,47059,711
CL711,cty47029,47029,711
CL711,cty47155,47155,711
CL711,cty47057,47057,711
CL711,cty47063,47063,711
CL711,cty47089,47089,711
CL712,cty16045,16045,712
CL712,cty16039,16039,712
CL712,cty16001,16001,712
CL712,cty16015,16015,712
CL712,cty16027,16027,712
CL712,cty16073,16073,712
CL714,cty55123,55123,714
CL714,cty55053,55053,714
CL714,cty55121,55121,714
CL714,cty55057,55057,714
CL714,cty55081,55081,714
CL714,cty27055,27055,714
CL714,cty55063,55063,714
CL719,cty53047,53047,719
CL719,cty53019,53019,719
CL719,cty53065,53065,719
CL719,cty53043,53043,719
CL719,cty16009,16009,719
CL719,cty16017,16017,719
CL719,cty16055,16055,719
CL719,cty16079,16079,719
CL719,cty53051,53051,719
CL719,cty53063,53063,719
CL721,cty48337,48337,721
CL721,cty48497,48497,721
CL721,cty48097,48097,721
CL721,cty48121,48121,721
CL723,cty17185,17185,723
CL723,cty18051,18051,723
CL723,cty17193,17193,723
CL723,cty17065,17065,723
CL723,cty17081,17081,723
CL723,cty17047,17047,723
CL723,cty17191,17191,723
CL727,cty19087,19087,727
CL727,cty17095,17095,727
CL727,cty17187,17187,727
CL727,cty17071,17071,727
CL727,cty19057,19057,727
CL729,cty20041,20041,729
CL729,cty20127,20127,729
CL729,cty20017,20017,729
CL729,cty20031,20031,729
CL729,cty20111,20111,729
CL730,cty48277,48277,730
CL730,cty48387,48387,730
CL730,cty05113,05113,730
CL730,cty40023,40023,730
CL730,cty40127,40127,730
CL730,cty05133,05133,730
CL730,cty40089,40089,730
CL732,cty08039,08039,732
CL732,cty08093,08093,732
CL732,cty08013,08013,732
CL732,cty08047,08047,732
CL732,cty08001,08001,732
CL732,cty08019,08019,732
CL732,cty08059,08059,732
CL732,cty08035,08035,732
CL732,cty08005,08005,732
CL732,cty08031,08031,732
CL738,cty48287,48287,738
CL738,cty48331,48331,738
CL738,cty48481,48481,738
CL738,cty48015,48015,738
CL738,cty48477,48477,738
CL738,cty48089,48089,738
CL738,cty48149,48149,738
CL739,cty17003,17003,739
CL739,cty17153,17153,739
CL739,cty17055,17055,739
CL739,cty17077,17077,739
CL739,cty17181,17181,739
CL739,cty17087,17087,739
CL739,cty17199,17199,739
CL742,cty16007,16007,742
CL742,cty16029,16029,742
CL742,cty56035,56035,742
CL742,cty49009,49009,742
CL742,cty49033,49033,742
CL742,cty56023,56023,742
CL742,cty56037,56037,742
CL742,cty56041,56041,742
CL743,cty12009,12009,743
CL743,cty12061,12061,743
CL743,cty12099,12099,743
CL743,cty12085,12085,743
CL743,cty12111,12111,743
CL744,cty48023,48023,744
CL744,cty48433,48433,744
CL744,cty48075,48075,744
CL744,cty48101,48101,744
CL744,cty48125,48125,744
CL744,cty48269,48269,744
CL744,cty48207,48207,744
CL744,cty48275,48275,744
CL745,cty40015,40015,745
CL745,cty40051,40051,745
CL745,cty40067,40067,745
CL745,cty40137,40137,745
CL745,cty40031,40031,745
CL745,cty40033,40033,745
CL747,cty27089,27089,747
CL747,cty38091,38091,747
CL747,cty38097,38097,747
CL747,cty27119,27119,747
CL747,cty38035,38035,747
CL747,cty27113,27113,747
CL747,cty27125,27125,747
CL748,cty22085,22085,748
CL748,cty22127,22127,748
CL748,cty22027,22027,748
CL748,cty22069,22069,748
CL748,cty22081,22081,748
CL748,cty22049,22049,748
CL748,cty22061,22061,748
CL748,cty22013,22013,748
CL748,cty22119,22119,748
CL749,cty16063,16063,749
CL749,cty16013,16013,749
CL749,cty16025,16025,749
CL749,cty16047,16047,749
CL749,cty16053,16053,749
CL749,cty16083,16083,749
CL753,cty31059,31059,753
CL753,cty31143,31143,753
CL753,cty31185,31185,753
CL753,cty31011,31011,753
CL753,cty31125,31125,753
CL753,cty31023,31023,753
CL753,cty31037,31037,753
CL753,cty31141,31141,753
CL755,cty48003,48003,755
CL755,cty48389,48389,755
CL755,cty48475,48475,755
CL755,cty48301,48301,755
CL755,cty48495,48495,755
CL755,cty48461,48461,755
CL755,cty48317,48317,755
CL755,cty48329,48329,755
CL755,cty48103,48103,755
CL755,cty48135,48135,755
CL758,cty42125,42125,758
CL758,cty42063,42063,758
CL758,cty42019,42019,758
CL758,cty42051,42051,758
CL758,cty42059,42059,758
CL758,cty42005,42005,758
CL758,cty42129,42129,758
CL758,cty42003,42003,758
CL758,cty42007,42007,758
CL759,cty29069,29069,759
CL759,cty05021,05021,759
CL759,cty05055,05055,759
CL759,cty05093,05093,759
CL759,cty29155,29155,759
CL759,cty05075,05075,759
CL759,cty05121,05121,759
CL759,cty05031,05031,759
CL759,cty05111,05111,759
CL760,cty46027,46027,760
CL760,cty31107,31107,760
CL760,cty46087,46087,760
CL760,cty46023,46023,760
CL760,cty46043,46043,760
CL760,cty46009,46009,760
CL760,cty46067,46067,760
CL760,cty46125,46125,760
CL760,cty31027,31027,760
CL760,cty46135,46135,760
CL764,cty17025,17025,764
CL764,cty17033,17033,764
CL764,cty17101,17101,764
CL764,cty18083,18083,764
CL764,cty17049,17049,764
CL764,cty17051,17051,764
CL764,cty17079,17079,764
CL764,cty17159,17159,764
CL765,cty05067,05067,765
CL765,cty05145,05145,765
CL765,cty05147,05147,765
CL765,cty05095,05095,765
CL765,cty05077,05077,765
CL765,cty05107,05107,765
CL765,cty05037,05037,765
CL765,cty05123,05123,765
CL765,cty05001,05001,765
CL765,cty05117,05117,765
CL766,cty20003,20003,766
CL766,cty20059,20059,766
CL766,cty20107,20107,766
CL766,cty29013,29013,766
CL767,cty31151,31151,767
CL767,cty31067,31067,767
CL767,cty31095,31095,767
CL767,cty31147,31147,767
CL767,cty31097,31097,767
CL767,cty31133,31133,767
CL767,cty31109,31109,767
CL767,cty31159,31159,767
CL767,cty31127,31127,767
CL767,cty31131,31131,767
CL768,cty54043,54043,768
CL768,cty54005,54005,768
CL768,cty54045,54045,768
CL768,cty54089,54089,768
CL768,cty54047,54047,768
CL768,cty54109,54109,768
CL768,cty54019,54019,768
CL768,cty54081,54081,768
CL772,cty46003,46003,772
CL772,cty46111,46111,772
CL772,cty46035,46035,772
CL772,cty46061,46061,772
CL772,cty46005,46005,772
CL772,cty46073,46073,772
CL773,cty47069,47069,773
CL773,cty47071,47071,773
CL773,cty47109,47109,773
CL773,cty01059,01059,773
CL773,cty28141,28141,773
CL773,cty28003,28003,773
CL773,cty28117,28117,773
CL776,cty28029,28029,776
CL776,cty28157,28157,776
CL776,cty28037,28037,776
CL776,cty28005,28005,776
CL776,cty28113,28113,776
CL776,cty28077,28077,776
CL776,cty28085,28085,776
CL777,cty28153,28153,777
CL777,cty28061,28061,777
CL777,cty28067,28067,777
CL777,cty28031,28031,777
CL777,cty28065,28065,777
CL777,cty28127,28127,777
CL777,cty28129,28129,777
CL778,cty53009,53009,778
CL778,cty53031,53031,778
CL778,cty53041,53041,778
CL778,cty53067,53067,778
CL778,cty53035,53035,778
CL778,cty53045,53045,778
CL779,cty13207,13207,779
CL779,cty13289,13289,779
CL779,cty13021,13021,779
CL779,cty13169,13169,779
CL781,cty29101,29101,781
CL781,cty29107,29107,781
CL781,cty29033,29033,781
CL781,cty29195,29195,781
CL781,cty29015,29015,781
CL781,cty29159,29159,781
CL781,cty29083,29083,781
CL781,cty29185,29185,781
CL783,cty41049,41049,783
CL783,cty41059,41059,783
CL783,cty53013,53013,783
CL783,cty53071,53071,783
CL784,cty37075,37075,784
CL784,cty13281,13281,784
CL784,cty13291,13291,784
CL784,cty37039,37039,784
CL784,cty37043,37043,784
CL786,cty29067,29067,786
CL786,cty29229,29229,786
CL786,cty05049,05049,786
CL786,cty29203,29203,786
CL786,cty29215,29215,786
CL786,cty29091,29091,786
CL786,cty29149,29149,786
CL787,cty45043,45043,787
CL787,cty45051,45051,787
CL787,cty45089,45089,787
CL787,cty45033,45033,787
CL787,cty45067,45067,787
CL787,cty45031,45031,787
CL787,cty45041,45041,787
CL790,cty41071,41071,790
CL790,cty53011,53011,790
CL790,cty53059,53059,790
CL790,cty41067,41067,790
CL790,cty41005,41005,790
CL790,cty41051,41051,790
CL794,cty19045,19045,794
CL794,cty19097,19097,794
CL794,cty17141,17141,794
CL794,cty17015,17015,794
CL794,cty17177,17177,794
CL794,cty17103,17103,794
CL794,cty17195,17195,794
CL795,cty51109,51109,795
CL795,cty51187,51187,795
CL795,cty51137,51137,795
CL795,cty51061,51061,795
CL795,cty51157,51157,795
CL795,cty51047,51047,795
CL795,cty51113,51113,795
CL798,cty26057,26057,798
CL798,cty26035,26035,798
CL798,cty26073,26073,798
CL798,cty26011,26011,798
CL798,cty26051,26051,798
CL798,cty26111,26111,798
CL798,cty26017,26017,798
CL798,cty26145,26145,798
CL799,cty31005,31005,799
CL799,cty31075,31075,799
CL799,cty31069,31069,799
CL799,cty31029,31029,799
CL799,cty31135,31135,799
CL799,cty08115,08115,799
CL799,cty31049,31049,799
CL799,cty31101,31101,799
CL801,cty26129,26129,801
CL801,cty26137,26137,801
CL801,cty26007,26007,801
CL801,cty26141,26141,801
CL801,cty26039,26039,801
CL801,cty26143,26143,801
CL801,cty26119,26119,801
CL801,cty26135,26135,801
CL807,cty20197,20197,807
CL807,cty20045,20045,807
CL807,cty20087,20087,807
CL807,cty20085,20085,807
CL807,cty20139,20139,807
CL807,cty20177,20177,807
CL809,cty48247,48247,809
CL809,cty48479,48479,809
CL809,cty48505,48505,809
CL809,cty48163,48163,809
CL809,cty48283,48283,809
CL809,cty48127,48127,809
CL809,cty48507,48507,809
CL813,cty13065,13065,813
CL813,cty13229,13229,813
CL813,cty13299,13299,813
CL816,cty46039,46039,816
CL816,cty46101,46101,816
CL816,cty46079,46079,816
CL816,cty46097,46097,816
CL816,cty46025,46025,816
CL816,cty46011,46011,816
CL816,cty46077,46077,816
CL816,cty46029,46029,816
CL816,cty46057,46057,816
CL820,cty48335,48335,820
CL820,cty48151,48151,820
CL820,cty48353,48353,820
CL820,cty48263,48263,820
CL820,cty48415,48415,820
CL821,cty13273,13273,821
CL821,cty13061,13061,821
CL821,cty13243,13243,821
CL821,cty13037,13037,821
CL821,cty13099,13099,821
CL822,cty54027,54027,822
CL822,cty51043,51043,822
CL822,cty51107,51107,822
CL822,cty51069,51069,822
CL822,cty51840,51840,822
CL823,cty18063,18063,823
CL823,cty18109,18109,823
CL823,cty18059,18059,823
CL823,cty18011,18011,823
CL823,cty18057,18057,823
CL826,cty34001,34001,826
CL826,cty34009,34009,826
CL826,cty34011,34011,826
CL826,cty34033,34033,826
CL826,cty34005,34005,826
CL826,cty34007,34007,826
CL826,cty34015,34015,826
CL828,cty21171,21171,828
CL828,cty21099,21099,828
CL828,cty21057,21057,828
CL828,cty47027,47027,828
CL828,cty21009,21009,828
CL828,cty21169,21169,828
CL829,cty48069,48069,829
CL829,cty48117,48117,829
CL829,cty48359,48359,829
CL829,cty35041,35041,829
CL829,cty48017,48017,829
CL829,cty48279,48279,829
CL829,cty35009,35009,829
CL829,cty48369,48369,829
CL830,cty01013,01013,830
CL830,cty01053,01053,830
CL830,cty01039,01039,830
CL830,cty01035,01035,830
CL830,cty01099,01099,830
CL830,cty01041,01041,830
CL830,cty01109,01109,830
CL832,cty41023,41023,832
CL832,cty41031,41031,832
CL832,cty41021,41021,832
CL832,cty41069,41069,832
CL832,cty41013,41013,832
CL832,cty41017,41017,832
CL833,cty08107,08107,833
CL833,cty49013,49013,833
CL833,cty49047,49047,833
CL833,cty08081,08081,833
CL833,cty08103,08103,833
CL835,cty31013,31013,835
CL835,cty31123,31123,835
CL835,cty31165,31165,835
CL835,cty56021,56021,835
CL835,cty56015,56015,835
CL835,cty56031,56031,835
CL835,cty31007,31007,835
CL835,cty31157,31157,835
CL835,cty31033,31033,835
CL835,cty31105,31105,835
CL836,cty48091,48091,836
CL836,cty48187,48187,836
CL836,cty48019,48019,836
CL836,cty48013,48013,836
CL836,cty48325,48325,836
CL836,cty48259,48259,836
CL836,cty48029,48029,836
CL836,cty48493,48493,836
CL839,cty37123,37123,839
CL839,cty37125,37125,839
CL839,cty37155,37155,839
CL839,cty37165,37165,839
CL839,cty37051,37051,839
CL839,cty37093,37093,839
CL842,cty37053,37053,842
CL842,cty37013,37013,842
CL842,cty37095,37095,842
CL842,cty37117,37117,842
CL842,cty37187,37187,842
CL842,cty37055,37055,842
CL842,cty37177,37177,842
CL844,cty13071,13071,844
CL844,cty13019,13019,844
CL844,cty13173,13173,844
CL844,cty13075,13075,844
CL844,cty13277,13277,844
CL844,cty13287,13287,844
CL846,cty01003,01003,846
CL846,cty01025,01025,846
CL846,cty01131,01131,846
CL846,cty01097,01097,846
CL846,cty01129,01129,846
CL849,cty27097,27097,849
CL849,cty27149,27149,849
CL849,cty27051,27051,849
CL849,cty27111,27111,849
CL849,cty27153,27153,849
CL849,cty27159,27159,849
CL849,cty27041,27041,849
CL849,cty27121,27121,849
CL850,cty48473,48473,850
CL850,cty48157,48157,850
CL850,cty48201,48201,850
CL851,cty01043,01043,851
CL851,cty01049,01049,851
CL851,cty01071,01071,851
CL851,cty01055,01055,851
CL851,cty01095,01095,851
CL854,cty05137,05137,854
CL854,cty05045,05045,854
CL854,cty05023,05023,854
CL854,cty05141,05141,854
CL854,cty05029,05029,854
CL854,cty05105,05105,854
CL859,cty21035,21035,859
CL859,cty47183,47183,859
CL859,cty47079,47079,859
CL859,cty47005,47005,859
CL859,cty47017,47017,859
CL862,cty12107,12107,862
CL862,cty12035,12035,862
CL862,cty12127,12127,862
CL866,cty13007,13007,866
CL866,cty13205,13205,866
CL866,cty13131,13131,866
CL866,cty13275,13275,866
CL867,cty13005,13005,867
CL867,cty13091,13091,867
CL867,cty13001,13001,867
CL867,cty13161,13161,867
CL867,cty13271,13271,867
CL867,cty13309,13309,867
CL868,cty50019,50019,868
CL868,cty50005,50005,868
CL868,cty33007,33007,868
CL868,cty50009,50009,868
CL871,cty16035,16035,871
CL871,cty16049,16049,871
CL871,cty16061,16061,871
CL874,cty17189,17189,874
CL874,cty17145,17145,874
CL874,cty17157,17157,874
CL874,cty17133,17133,874
CL874,cty17163,17163,874
CL874,cty17027,17027,874
CL874,cty17121,17121,874
CL878,cty17063,17063,878
CL878,cty17197,17197,878
CL878,cty17031,17031,878
CL878,cty17043,17043,878
CL879,cty13079,13079,879
CL879,cty13023,13023,879
CL879,cty13235,13235,879
CL879,cty13153,13153,879
CL879,cty13225,13225,879
CL880,cty22025,22025,880
CL880,cty22059,22059,880
CL880,cty22029,22029,880
CL880,cty28001,28001,880
CL881,cty45029,45029,881
CL881,cty45009,45009,881
CL881,cty45011,45011,881
CL881,cty45005,45005,881
CL881,cty45049,45049,881
CL882,cty47091,47091,882
CL882,cty37111,37111,882
CL882,cty37011,37011,882
CL882,cty37189,37189,882
CL882,cty37121,37121,882
CL882,cty37199,37199,882
CL883,cty19055,19055,883
CL883,cty19005,19005,883
CL883,cty19043,19043,883
CL883,cty17085,17085,883
CL883,cty19061,19061,883
CL886,cty24019,24019,886
CL886,cty24029,24029,886
CL886,cty24035,24035,886
CL886,cty24011,24011,886
CL886,cty24041,24041,886
CL887,cty37001,37001,887
CL887,cty37033,37033,887
CL887,cty51143,51143,887
CL887,cty51590,51590,887
CL889,cty51045,51045,889
CL889,cty51023,51023,889
CL889,cty51161,51161,889
CL889,cty51770,51770,889
CL889,cty51775,51775,889
CL893,cty06055,06055,893
CL893,cty06095,06095,893
CL893,cty06041,06041,893
CL893,cty06001,06001,893
CL893,cty06013,06013,893
CL893,cty06075,06075,893
CL893,cty06081,06081,893
CL894,cty51059,51059,894
CL894,cty51600,51600,894
CL898,cty19101,19101,898
CL898,cty19177,19177,898
CL898,cty19107,19107,898
CL898,cty19135,19135,898
CL898,cty19123,19123,898
CL898,cty19125,19125,898
CL898,cty19051,19051,898
CL898,cty19179,19179,898
CL899,cty18033,18033,899
CL899,cty18151,18151,899
CL899,cty26023,26023,899
CL899,cty26149,26149,899
CL899,cty18113,18113,899
CL899,cty18039,18039,899
CL899,cty18087,18087,899
CL901,cty40037,40037,901
CL901,cty40113,40113,901
CL901,cty40117,40117,901
CL901,cty40131,40131,901
CL901,cty40143,40143,901
CL901,cty40145,40145,901
CL902,cty36021,36021,902
CL902,cty36039,36039,902
CL902,cty36027,36027,902
CL902,cty36111,36111,902
CL902,cty36071,36071,902
CL902,cty36105,36105,902
CL903,cty55099,55099,903
CL903,cty55107,55107,903
CL903,cty55005,55005,903
CL903,cty55013,55013,903
CL903,cty55095,55095,903
CL903,cty55113,55113,903
CL903,cty55129,55129,903
CL904,cty54075,54075,904
CL904,cty54041,54041,904
CL904,cty54097,54097,904
CL904,cty54001,54001,904
CL904,cty54083,54083,904
CL904,cty54093,54093,904
CL905,cty23009,23009,905
CL905,cty23015,23015,905
CL905,cty23013,23013,905
CL905,cty23027,23027,905
CL905,cty23019,23019,905
CL905,cty23021,23021,905
CL905,cty23011,23011,905
CL905,cty23025,23025,905
CL908,cty22005,22005,908
CL908,cty22063,22063,908
CL908,cty22033,22033,908
CL908,cty22047,22047,908
CL908,cty22121,22121,908
CL910,cty55017,55017,910
CL910,cty55035,55035,910
CL910,cty55033,55033,910
CL910,cty55091,55091,910
CL910,cty27169,27169,910
CL910,cty55011,55011,910
CL913,cty31021,31021,913
CL913,cty31051,31051,913
CL913,cty31179,31179,913
CL913,cty31039,31039,913
CL913,cty31173,31173,913
CL914,cty42089,42089,914
CL914,cty42079,42079,914
CL914,cty42103,42103,914
CL914,cty42127,42127,914
CL914,cty42069,42069,914
CL914,cty42131,42131,914
CL921,cty40049,40049,921
CL921,cty40099,40099,921
CL921,cty40069,40069,921
CL921,cty40095,40095,921
CL921,cty40019,40019,921
CL921,cty40085,40085,921
CL922,cty20011,20011,922
CL922,cty29011,29011,922
CL922,cty29057,29057,922
CL922,cty29039,29039,922
CL922,cty29217,29217,922
CL923,cty48211,48211,923
CL923,cty48065,48065,923
CL923,cty48233,48233,923
CL923,cty48179,48179,923
CL923,cty48393,48393,923
CL926,cty29207,29207,926
CL926,cty29133,29133,926
CL926,cty29017,29017,926
CL926,cty29031,29031,926
CL926,cty29143,29143,926
CL926,cty29201,29201,926
CL927,cty18001,18001,927
CL927,cty18075,18075,927
CL927,cty18009,18009,927
CL927,cty18053,18053,927
CL927,cty18065,18065,927
CL927,cty18095,18095,927
CL927,cty18035,18035,927
CL927,cty18135,18135,927
CL928,cty29199,29199,928
CL928,cty29103,29103,928
CL928,cty29001,29001,928
CL928,cty29197,29197,928
CL933,cty41007,41007,933
CL933,cty53027,53027,933
CL933,cty53049,53049,933
CL933,cty41009,41009,933
CL933,cty53015,53015,933
CL933,cty53069,53069,933
CL934,cty31041,31041,934
CL934,cty31031,31031,934
CL934,cty31091,31091,934
CL934,cty31009,31009,934
CL934,cty31171,31171,934
CL935,cty55067,55067,935
CL935,cty55097,55097,935
CL935,cty55001,55001,935
CL935,cty55141,55141,935
CL935,cty55019,55019,935
CL935,cty55119,55119,935
CL935,cty55069,55069,935
CL935,cty55073,55073,935
CL936,cty37087,37087,936
CL936,cty37089,37089,936
CL936,cty37175,37175,936
CL936,cty37021,37021,936
CL936,cty37115,37115,936
CL937,cty39031,39031,937
CL937,cty39083,39083,937
CL937,cty39089,39089,937
CL937,cty39115,39115,937
CL937,cty39119,39119,937
CL937,cty39127,39127,937
CL938,cty05127,05127,938
CL938,cty05071,05071,938
CL938,cty05047,05047,938
CL938,cty05083,05083,938
CL941,cty13269,13269,941
CL941,cty13293,13293,941
CL941,cty13171,13171,941
CL941,cty13231,13231,941
CL941,cty13255,13255,941
CL942,cty29007,29007,942
CL942,cty29139,29139,942
CL942,cty17149,17149,942
CL942,cty29163,29163,942
CL944,cty47039,47039,944
CL944,cty47077,47077,944
CL944,cty47033,47033,944
CL944,cty47053,47053,944
CL944,cty47023,47023,944
CL944,cty47113,47113,944
CL945,cty46059,46059,945
CL945,cty46069,46069,945
CL945,cty46085,46085,945
CL945,cty46015,46015,945
CL945,cty46017,46017,945
CL946,cty18091,18091,946
CL946,cty26021,26021,946
CL946,cty26027,26027,946
CL946,cty18141,18141,946
CL946,cty18099,18099,946
CL946,cty18149,18149,946
CL951,cty29123,29123,951
CL951,cty29157,29157,951
CL951,cty29186,29186,951
CL951,cty29093,29093,951
CL951,cty29187,29187,951
CL951,cty29221,29221,951
CL952,cty48071,48071,952
CL952,cty48339,48339,952
CL952,cty48291,48291,952
CL952,cty48407,48407,952
CL954,cty47013,47013,954
CL954,cty47129,47129,954
CL954,cty47001,47001,954
CL954,cty47145,47145,954
CL957,cty20075,20075,957
CL957,cty20081,20081,957
CL957,cty20055,20055,957
CL957,cty20093,20093,957
CL960,cty24023,24023,960
CL960,cty54023,54023,960
CL960,cty54031,54031,960
CL960,cty24001,24001,960
CL960,cty54057,54057,960
CL964,cty19129,19129,964
CL964,cty19173,19173,964
CL964,cty19003,19003,964
CL964,cty19137,19137,964
CL964,cty19071,19071,964
CL964,cty19145,19145,964
CL965,cty48115,48115,965
CL965,cty48173,48173,965
CL965,cty48383,48383,965
CL965,cty48033,48033,965
CL965,cty48227,48227,965
CL966,cty48169,48169,966
CL966,cty48079,48079,966
CL966,cty48219,48219,966
CL966,cty48107,48107,966
CL966,cty48303,48303,966
CL966,cty48305,48305,966
CL968,cty26107,26107,968
CL968,cty26113,26113,968
CL968,cty26165,26165,968
CL968,cty26085,26085,968
CL968,cty26133,26133,968
CL969,cty29065,29065,969
CL969,cty29179,29179,969
CL969,cty29169,29169,969
CL969,cty29125,29125,969
CL969,cty29161,29161,969
CL970,cty19085,19085,970
CL970,cty19133,19133,970
CL974,cty47167,47167,974
CL974,cty47047,47047,974
CL974,cty28033,28033,974
CL974,cty47157,47157,974
CL976,cty22077,22077,976
CL976,cty22037,22037,976
CL976,cty22125,22125,976
CL979,cty21077,21077,979
CL979,cty21037,21037,979
CL979,cty21191,21191,979
CL979,cty21081,21081,979
CL979,cty21015,21015,979
CL979,cty21117,21117,979
CL980,cty48167,48167,980
CL980,cty48039,48039,980
CL980,cty48321,48321,980
CL982,cty08023,08023,982
CL982,cty08109,08109,982
CL982,cty08003,08003,982
CL982,cty08021,08021,982
CL982,cty08079,08079,982
CL982,cty08105,08105,982
CL983,cty42117,42117,983
CL983,cty42035,42035,983
CL983,cty42081,42081,983
CL983,cty42015,42015,983
CL983,cty42113,42113,983
CL985,cty48025,48025,985
CL985,cty48255,48255,985
CL985,cty48297,48297,985
CL985,cty48311,48311,985
CL986,cty06011,06011,986
CL986,cty06089,06089,986
CL986,cty06103,06103,986
CL986,cty06007,06007,986
CL986,cty06021,06021,986
CL988,cty42023,42023,988
CL988,cty42047,42047,988
CL988,cty42083,42083,988
CL988,cty42105,42105,988
CL988,cty36003,36003,988
CL988,cty36009,36009,988
CL995,cty22103,22103,995
CL995,cty22117,22117,995
CL995,cty28091,28091,995
CL995,cty28147,28147,995
CL998,cty19031,19031,998
CL998,cty19115,19115,998
CL998,cty19139,19139,998
CL998,cty19103,19103,998
CL998,cty19183,19183,998
CL1001,cty13165,13165,1001
CL1001,cty13109,13109,1001
CL1001,cty13267,13267,1001
CL1001,cty13251,13251,1001
CL1001,cty13031,13031,1001
CL1001,cty13043,13043,1001
CL1003,cty21187,21187,1003
CL1003,cty21239,21239,1003
CL1003,cty21005,21005,1003
CL1003,cty21073,21073,1003
CL1004,cty38055,38055,1004
CL1004,cty38015,38015,1004
CL1004,cty38059,38059,1004
CL1004,cty38057,38057,1004
CL1004,cty38065,38065,1004
CL1005,cty13193,13193,1005
CL1005,cty13197,13197,1005
CL1005,cty13249,13249,1005
CL1005,cty13261,13261,1005
CL1005,cty13259,13259,1005
CL1005,cty13307,13307,1005
CL1006,cty05053,05053,1006
CL1006,cty05085,05085,1006
CL1006,cty05119,05119,1006
CL1006,cty05125,05125,1006
CL1008,cty20053,20053,1008
CL1008,cty20105,20105,1008
CL1008,cty20143,20143,1008
CL1008,cty20169,20169,1008
CL1009,cty08015,08015,1009
CL1009,cty08027,08027,1009
CL1009,cty08043,08043,1009
CL1010,cty18085,18085,1010
CL1010,cty18169,18169,1010
CL1010,cty18017,18017,1010
CL1010,cty18131,18131,1010
CL1010,cty18049,18049,1010
CL1010,cty18103,18103,1010
CL1014,cty21011,21011,1014
CL1014,cty21049,21049,1014
CL1014,cty21197,21197,1014
CL1014,cty21165,21165,1014
CL1014,cty21173,21173,1014
CL1016,cty50015,50015,1016
CL1016,cty33019,33019,1016
CL1016,cty50017,50017,1016
CL1016,cty50023,50023,1016
CL1016,cty33009,33009,1016
CL1016,cty50027,50027,1016
CL1018,cty21195,21195,1018
CL1018,cty54059,54059,1018
CL1018,cty21127,21127,1018
CL1018,cty21159,21159,1018
CL1018,cty21153,21153,1018
CL1018,cty21071,21071,1018
CL1018,cty21115,21115,1018
CL1020,cty05019,05019,1020
CL1020,cty05097,05097,1020
CL1020,cty05051,05051,1020
CL1020,cty05059,05059,1020
CL1020,cty05061,05061,1020
CL1020,cty05109,05109,1020
CL1022,cty18105,18105,1022
CL1022,cty18119,18119,1022
CL1022,cty18055,18055,1022
CL1022,cty18093,18093,1022
CL1022,cty18117,18117,1022
CL1022,cty18027,18027,1022
CL1022,cty18101,18101,1022
CL1023,cty47099,47099,1023
CL1023,cty47181,47181,1023
CL1023,cty47135,47135,1023
CL1023,cty47055,47055,1023
CL1023,cty47117,47117,1023
CL1023,cty47081,47081,1023
CL1023,cty47101,47101,1023
CL1023,cty47119,47119,1023
CL1028,cty12075,12075,1028
CL1028,cty12007,12007,1028
CL1028,cty12125,12125,1028
CL1028,cty12001,12001,1028
CL1028,cty12041,12041,1028
CL1033,cty34041,34041,1033
CL1033,cty34019,34019,1033
CL1033,cty34013,34013,1033
CL1033,cty34039,34039,1033
CL1033,cty34027,34027,1033
CL1033,cty34037,34037,1033
CL1033,cty34023,34023,1033
CL1033,cty34035,34035,1033
CL1036,cty12063,12063,1036
CL1036,cty12059,12059,1036
CL1036,cty12133,12133,1036
CL1036,cty12013,12013,1036
CL1036,cty12077,12077,1036
CL1038,cty17073,17073,1038
CL1038,cty17175,17175,1038
CL1038,cty17131,17131,1038
CL1038,cty17161,17161,1038
CL1038,cty19163,19163,1038
CL1039,cty21141,21141,1039
CL1039,cty21003,21003,1039
CL1039,cty21213,21213,1039
CL1039,cty21061,21061,1039
CL1039,cty21227,21227,1039
CL1042,cty08117,08117,1042
CL1042,cty08045,08045,1042
CL1042,cty08097,08097,1042
CL1042,cty08037,08037,1042
CL1042,cty08065,08065,1042
CL1053,cty31063,31063,1053
CL1053,cty31065,31065,1053
CL1053,cty31047,31047,1053
CL1053,cty31073,31073,1053
CL1053,cty31083,31083,1053
CL1053,cty31137,31137,1053
CL1058,cty44009,44009,1058
CL1058,cty25005,25005,1058
CL1058,cty44005,44005,1058
CL1058,cty44001,44001,1058
CL1058,cty44003,44003,1058
CL1058,cty44007,44007,1058
CL1060,cty01111,01111,1060
CL1060,cty13077,13077,1060
CL1060,cty13149,13149,1060
CL1060,cty01017,01017,1060
CL1060,cty13285,13285,1060
CL1062,cty42121,42121,1062
CL1062,cty36013,36013,1062
CL1062,cty42123,42123,1062
CL1062,cty42039,42039,1062
CL1062,cty42049,42049,1062
CL1062,cty42031,42031,1062
CL1062,cty42053,42053,1062
CL1065,cty39145,39145,1065
CL1065,cty39079,39079,1065
CL1065,cty39163,39163,1065
CL1065,cty39131,39131,1065
CL1065,cty39141,39141,1065
CL1066,cty21175,21175,1066
CL1066,cty21129,21129,1066
CL1066,cty21189,21189,1066
CL1066,cty21025,21025,1066
CL1066,cty21237,21237,1066
CL1067,cty13305,13305,1067
CL1067,cty13179,13179,1067
CL1067,cty13183,13183,1067
CL1071,cty47103,47103,1071
CL1071,cty01079,01079,1071
CL1071,cty01103,01103,1071
CL1071,cty01083,01083,1071
CL1071,cty01089,01089,1071
CL1072,cty10001,10001,1072
CL1072,cty10005,10005,1072
CL1072,cty24047,24047,1072
CL1072,cty24039,24039,1072
CL1072,cty24045,24045,1072
CL1073,cty47159,47159,1073
CL1073,cty47189,47189,1073
CL1073,cty47165,47165,1073
CL1073,cty47111,47111,1073
CL1073,cty47169,47169,1073
CL1074,cty21053,21053,1074
CL1074,cty21147,21147,1074
CL1074,cty47151,47151,1074
CL1074,cty21199,21199,1074
CL1074,cty21231,21231,1074
CL1075,cty37015,37015,1075
CL1075,cty37091,37091,1075
CL1075,cty37083,37083,1075
CL1075,cty37131,37131,1075
CL1079,cty21045,21045,1079
CL1079,cty21087,21087,1079
CL1079,cty21217,21217,1079
CL1079,cty21001,21001,1079
CL1079,cty21207,21207,1079
CL1080,cty37133,37133,1080
CL1080,cty37079,37079,1080
CL1080,cty37147,37147,1080
CL1080,cty37103,37103,1080
CL1080,cty37107,37107,1080
CL1081,cty17005,17005,1081
CL1081,cty17117,17117,1081
CL1081,cty17135,17135,1081
CL1081,cty17013,17013,1081
CL1081,cty17083,17083,1081
CL1081,cty17119,17119,1081
CL1084,cty05139,05139,1084
CL1084,cty05039,05039,1084
CL1084,cty05013,05013,1084
CL1084,cty05103,05103,1084
CL1086,cty37097,37097,1086
CL1086,cty37023,37023,1086
CL1086,cty37027,37027,1086
CL1086,cty37003,37003,1086
CL1086,cty37035,37035,1086
CL1087,cty54003,54003,1087
CL1087,cty54037,54037,1087
CL1087,cty24043,24043,1087
CL1087,cty54065,54065,1087
CL1087,cty42055,42055,1087
CL1087,cty42057,42057,1087
CL1088,cty40041,40041,1088
CL1088,cty05087,05087,1088
CL1088,cty05143,05143,1088
CL1088,cty05007,05007,1088
CL1088,cty29119,29119,1088
CL1089,cty36023,36023,1089
CL1089,cty36015,36015,1089
CL1089,cty36101,36101,1089
CL1089,cty36097,36097,1089
CL1089,cty36109,36109,1089
CL1090,cty19099,19099,1090
CL1090,cty19157,19157,1090
CL1090,cty19127,19127,1090
CL1090,cty19171,19171,1090
CL1091,cty13097,13097,1091
CL1091,cty13057,13057,1091
CL1091,cty13227,13227,1091
CL1091,cty13067,13067,1091
CL1091,cty13223,13223,1091
CL1093,cty46089,46089,1093
CL1093,cty46049,46049,1093
CL1093,cty46115,46115,1093
CL1093,cty46013,46013,1093
CL1093,cty46045,46045,1093
CL1100,cty48031,48031,1100
CL1100,cty48171,48171,1100
CL1100,cty48265,48265,1100
CL1102,cty19075,19075,1102
CL1102,cty19019,19019,1102
CL1102,cty19065,19065,1102
CL1102,cty19023,19023,1102
CL1102,cty19013,19013,1102
CL1102,cty19017,19017,1102
CL1105,cty48431,48431,1105
CL1105,cty48081,48081,1105
CL1105,cty48413,48413,1105
CL1105,cty48235,48235,1105
CL1105,cty48451,48451,1105
CL1106,cty51007,51007,1106
CL1106,cty51145,51145,1106
CL1110,cty25027,25027,1110
CL1110,cty09011,09011,1110
CL1110,cty09015,09015,1110
CL1112,cty37167,37167,1112
CL1112,cty37119,37119,1112
CL1112,cty37179,37179,1112
CL1112,cty37025,37025,1112
CL1112,cty37159,37159,1112
CL1113,cty22001,22001,1113
CL1113,cty22113,22113,1113
CL1113,cty22039,22039,1113
CL1113,cty22097,22097,1113
CL1113,cty22045,22045,1113
CL1113,cty22055,22055,1113
CL1113,cty22099,22099,1113
CL1118,cty42073,42073,1118
CL1118,cty42085,42085,1118
CL1118,cty39029,39029,1118
CL1118,cty39099,39099,1118
CL1118,cty39155,39155,1118
CL1119,cty40001,40001,1119
CL1119,cty40021,40021,1119
CL1119,cty40091,40091,1119
CL1119,cty40101,40101,1119
CL1121,cty51063,51063,1121
CL1121,cty51071,51071,1121
CL1121,cty51155,51155,1121
CL1121,cty51121,51121,1121
CL1121,cty51750,51750,1121
CL1122,cty26115,26115,1122
CL1122,cty39123,39123,1122
CL1122,cty39143,39143,1122
CL1122,cty39095,39095,1122
CL1122,cty39173,39173,1122
CL1123,cty42029,42029,1123
CL1123,cty34021,34021,1123
CL1123,cty42017,42017,1123
CL1123,cty42045,42045,1123
CL1123,cty42091,42091,1123
CL1123,cty42101,42101,1123
CL1125,cty47035,47035,1125
CL1125,cty47049,47049,1125
CL1125,cty47007,47007,1125
CL1125,cty47143,47143,1125
CL1126,cty22041,22041,1126
CL1126,cty22021,22021,1126
CL1126,cty22067,22067,1126
CL1126,cty22083,22083,1126
CL1126,cty22073,22073,1126
CL1126,cty22111,22111,1126
CL1134,cty28041,28041,1134
CL1134,cty28111,28111,1134
CL1134,cty28039,28039,1134
CL1134,cty28059,28059,1134
CL1137,cty28095,28095,1137
CL1137,cty28115,28115,1137
CL1137,cty28013,28013,1137
CL1137,cty28017,28017,1137
CL1137,cty28057,28057,1137
CL1137,cty28081,28081,1137
CL1139,cty39065,39065,1139
CL1139,cty39011,39011,1139
CL1139,cty39107,39107,1139
CL1139,cty39161,39161,1139
CL1139,cty39003,39003,1139
CL1139,cty39137,39137,1139
CL1143,cty47073,47073,1143
CL1143,cty51169,51169,1143
CL1143,cty51191,51191,1143
CL1143,cty47163,47163,1143
CL1143,cty51520,51520,1143
CL1145,cty51036,51036,1145
CL1145,cty51127,51127,1145
CL1145,cty51075,51075,1145
CL1145,cty51085,51085,1145
CL1145,cty51087,51087,1145
CL1145,cty51760,51760,1145
CL1148,cty51171,51171,1148
CL1148,cty54071,54071,1148
CL1148,cty51139,51139,1148
CL1148,cty51165,51165,1148
CL1148,cty51660,51660,1148
CL1152,cty54095,54095,1152
CL1152,cty54103,54103,1152
CL1152,cty39013,39013,1152
CL1152,cty39111,39111,1152
CL1152,cty54051,54051,1152
CL1152,cty54069,54069,1152
CL1154,cty26019,26019,1154
CL1154,cty26009,26009,1154
CL1154,cty26079,26079,1154
CL1154,cty26055,26055,1154
CL1154,cty26089,26089,1154
CL1156,cty18175,18175,1156
CL1156,cty18025,18025,1156
CL1156,cty18061,18061,1156
CL1156,cty18019,18019,1156
CL1156,cty18043,18043,1156
CL1163,cty47075,47075,1163
CL1163,cty47097,47097,1163
CL1163,cty47045,47045,1163
CL1163,cty47095,47095,1163
CL1164,cty13159,13159,1164
CL1164,cty13211,13211,1164
CL1164,cty13297,13297,1164
CL1164,cty13217,13217,1164
CL1164,cty13247,13247,1164
CL1166,cty55027,55027,1166
CL1166,cty55055,55055,1166
CL1166,cty55039,55039,1166
CL1166,cty55047,55047,1166
CL1167,cty21095,21095,1167
CL1167,cty21133,21133,1167
CL1167,cty21131,21131,1167
CL1167,cty21119,21119,1167
CL1167,cty21193,21193,1167
CL1168,cty12093,12093,1168
CL1168,cty12021,12021,1168
CL1168,cty12071,12071,1168
CL1168,cty12043,12043,1168
CL1168,cty12051,12051,1168
CL1170,cty55101,55101,1170
CL1170,cty55105,55105,1170
CL1170,cty55127,55127,1170
CL1174,cty31025,31025,1174
CL1174,cty31177,31177,1174
CL1174,cty19155,19155,1174
CL1174,cty31055,31055,1174
CL1174,cty31153,31153,1174
CL1175,cty51105,51105,1175
CL1175,cty47067,47067,1175
CL1175,cty21013,21013,1175
CL1175,cty47025,47025,1175
CL1178,cty16071,16071,1178
CL1178,cty49003,49003,1178
CL1178,cty16041,16041,1178
CL1178,cty49005,49005,1178
CL1179,cty13055,13055,1179
CL1179,cty13015,13015,1179
CL1179,cty13129,13129,1179
CL1179,cty01019,01019,1179
CL1179,cty13115,13115,1179
CL1179,cty13233,13233,1179
CL1180,cty51141,51141,1180
CL1180,cty51089,51089,1180
CL1180,cty51690,51690,1180
CL1185,cty51820,51820,1185
CL1185,cty51015,51015,1185
CL1185,cty51790,51790,1185
CL1190,cty48021,48021,1190
CL1190,cty48055,48055,1190
CL1190,cty48209,48209,1190
CL1190,cty48453,48453,1190
CL1190,cty48491,48491,1190
CL1193,cty36095,36095,1193
CL1193,cty36093,36093,1193
CL1193,cty36001,36001,1193
CL1193,cty36083,36083,1193
CL1198,cty29085,29085,1198
CL1198,cty29167,29167,1198
CL1198,cty29059,29059,1198
CL1198,cty29105,29105,1198
CL1203,cty48159,48159,1203
CL1203,cty48067,48067,1203
CL1203,cty48343,48343,1203
CL1203,cty48063,48063,1203
CL1203,cty48449,48449,1203
CL1205,cty12017,12017,1205
CL1205,cty12083,12083,1205
CL1205,cty12069,12069,1205
CL1205,cty12119,12119,1205
CL1208,cty39101,39101,1208
CL1208,cty39005,39005,1208
CL1208,cty39117,39117,1208
CL1208,cty39033,39033,1208
CL1208,cty39139,39139,1208
CL1214,cty39135,39135,1214
CL1214,cty39017,39017,1214
CL1214,cty39165,39165,1214
CL1219,cty01011,01011,1219
CL1219,cty01081,01081,1219
CL1219,cty01087,01087,1219
CL1221,cty40083,40083,1221
CL1221,cty40027,40027,1221
CL1221,cty40087,40087,1221
CL1221,cty40017,40017,1221
CL1221,cty40109,40109,1221
CL1225,cty51037,51037,1225
CL1225,cty51111,51111,1225
CL1225,cty51135,51135,1225
CL1225,cty51025,51025,1225
CL1225,cty51117,51117,1225
CL1226,cty32015,32015,1226
CL1226,cty32013,32013,1226
CL1226,cty32027,32027,1226
CL1227,cty48499,48499,1227
CL1227,cty48001,48001,1227
CL1227,cty48213,48213,1227
CL1227,cty48073,48073,1227
CL1227,cty48423,48423,1227
CL1228,cty31061,31061,1228
CL1228,cty31163,31163,1228
CL1228,cty31019,31019,1228
CL1228,cty31099,31099,1228
CL1229,cty21149,21149,1229
CL1229,cty21177,21177,1229
CL1229,cty21031,21031,1229
CL1229,cty21183,21183,1229
CL1230,cty37045,37045,1230
CL1230,cty37161,37161,1230
CL1230,cty37071,37071,1230
CL1230,cty37109,37109,1230
CL1232,cty13145,13145,1232
CL1232,cty13199,13199,1232
CL1232,cty13263,13263,1232
CL1233,cty39091,39091,1233
CL1233,cty39159,39159,1233
CL1233,cty39021,39021,1233
CL1233,cty39023,39023,1233
CL1237,cty21205,21205,1237
CL1237,cty21019,21019,1237
CL1237,cty21089,21089,1237
CL1237,cty21043,21043,1237
CL1237,cty21063,21063,1237
CL1242,cty37007,37007,1242
CL1242,cty37153,37153,1242
CL1242,cty45025,45025,1242
CL1242,cty45069,45069,1242
CL1243,cty48139,48139,1243
CL1243,cty48349,48349,1243
CL1244,cty17023,17023,1244
CL1244,cty17045,17045,1244
CL1244,cty17029,17029,1244
CL1244,cty17035,17035,1244
CL1245,cty51057,51057,1245
CL1245,cty51103,51103,1245
CL1245,cty51133,51133,1245
CL1245,cty51159,51159,1245
CL1245,cty51193,51193,1245
CL1247,cty21051,21051,1247
CL1247,cty21109,21109,1247
CL1247,cty21125,21125,1247
CL1247,cty21121,21121,1247
CL1247,cty21235,21235,1247
CL1249,cty55029,55029,1249
CL1249,cty55083,55083,1249
CL1249,cty55009,55009,1249
CL1249,cty55061,55061,1249
CL1250,cty55135,55135,1250
CL1250,cty55137,55137,1250
CL1250,cty55139,55139,1250
CL1250,cty55015,55015,1250
CL1250,cty55087,55087,1250
CL1251,cty39171,39171,1251
CL1251,cty39051,39051,1251
CL1251,cty39069,39069,1251
CL1251,cty39039,39039,1251
CL1251,cty39125,39125,1251
CL1253,cty42011,42011,1253
CL1253,cty42107,42107,1253
CL1253,cty42071,42071,1253
CL1253,cty42075,42075,1253
CL1259,cty30009,30009,1259
CL1259,cty30037,30037,1259
CL1259,cty30065,30065,1259
CL1259,cty30095,30095,1259
CL1259,cty30111,30111,1259
CL1263,cty33003,33003,1263
CL1263,cty23007,23007,1263
CL1263,cty23017,23017,1263
CL1265,cty39067,39067,1265
CL1265,cty39157,39157,1265
CL1265,cty39019,39019,1265
CL1265,cty39151,39151,1265
CL1266,cty26015,26015,1266
CL1266,cty26025,26025,1266
CL1266,cty26077,26077,1266
CL1266,cty26159,26159,1266
CL1267,cty47043,47043,1267
CL1267,cty47085,47085,1267
CL1267,cty47083,47083,1267
CL1267,cty47161,47161,1267
CL1270,cty18023,18023,1270
CL1270,cty18015,18015,1270
CL1270,cty18181,18181,1270
CL1270,cty18007,18007,1270
CL1270,cty18157,18157,1270
CL1273,cty30007,30007,1273
CL1273,cty30043,30043,1273
CL1273,cty30049,30049,1273
CL1277,cty20021,20021,1277
CL1277,cty20037,20037,1277
CL1277,cty29097,29097,1277
CL1277,cty29145,29145,1277
CL1278,cty13107,13107,1278
CL1278,cty13283,13283,1278
CL1278,cty13303,13303,1278
CL1278,cty13167,13167,1278
CL1278,cty13175,13175,1278
CL1280,cty21097,21097,1280
CL1280,cty21201,21201,1280
CL1280,cty21017,21017,1280
CL1280,cty21181,21181,1280
CL1285,cty48215,48215,1285
CL1285,cty48427,48427,1285
CL1285,cty48061,48061,1285
CL1285,cty48489,48489,1285
CL1289,cty47041,47041,1289
CL1289,cty47177,47177,1289
CL1289,cty47175,47175,1289
CL1289,cty47185,47185,1289
CL1290,cty26067,26067,1290
CL1290,cty26117,26117,1290
CL1290,cty26005,26005,1290
CL1290,cty26081,26081,1290
CL1290,cty26139,26139,1290
CL1293,cty22009,22009,1293
CL1293,cty22043,22043,1293
CL1293,cty22079,22079,1293
CL1298,cty21039,21039,1298
CL1298,cty21075,21075,1298
CL1298,cty47131,47131,1298
CL1298,cty21083,21083,1298
CL1298,cty21105,21105,1298
CL1301,cty28139,28139,1301
CL1301,cty28145,28145,1301
CL1301,cty28009,28009,1301
CL1301,cty28093,28093,1301
CL1305,cty01127,01127,1305
CL1305,cty01057,01057,1305
CL1305,cty01075,01075,1305
CL1305,cty01093,01093,1305
CL1305,cty01133,01133,1305
CL1308,cty17105,17105,1308
CL1308,cty17039,17039,1308
CL1308,cty17113,17113,1308
CL1309,cty36087,36087,1309
CL1309,cty34017,34017,1309
CL1309,cty34003,34003,1309
CL1309,cty34031,34031,1309
CL1312,cty48365,48365,1312
CL1312,cty48401,48401,1312
CL1312,cty48203,48203,1312
CL1312,cty48315,48315,1312
CL1312,cty48183,48183,1312
CL1312,cty48459,48459,1312
CL1314,cty13035,13035,1314
CL1314,cty13113,13113,1314
CL1314,cty13063,13063,1314
CL1314,cty13151,13151,1314
CL1315,cty06031,06031,1315
CL1315,cty06107,06107,1315
CL1315,cty06019,06019,1315
CL1315,cty06039,06039,1315
CL1321,cty29177,29177,1321
CL1321,cty29037,29037,1321
CL1321,cty29095,29095,1321
CL1321,cty29047,29047,1321
CL1321,cty29165,29165,1321
CL1333,cty54015,54015,1333
CL1333,cty54039,54039,1333
CL1333,cty54079,54079,1333
CL1335,cty42037,42037,1335
CL1335,cty42109,42109,1335
CL1335,cty42119,42119,1335
CL1335,cty42093,42093,1335
CL1335,cty42097,42097,1335
CL1337,cty39129,39129,1337
CL1337,cty39045,39045,1337
CL1337,cty39073,39073,1337
CL1345,cty31077,31077,1345
CL1345,cty31175,31175,1345
CL1345,cty31071,31071,1345
CL1345,cty31115,31115,1345
CL1348,cty35057,35057,1348
CL1348,cty35061,35061,1348
CL1348,cty35001,35001,1348
CL1348,cty35043,35043,1348
CL1352,cty55041,55041,1352
CL1352,cty55085,55085,1352
CL1352,cty55125,55125,1352
CL1356,cty30039,30039,1356
CL1356,cty30077,30077,1356
CL1356,cty30023,30023,1356
CL1356,cty30093,30093,1356
CL1363,cty05041,05041,1363
CL1363,cty05079,05079,1363
CL1363,cty05025,05025,1363
CL1363,cty05069,05069,1363
CL1371,cty13105,13105,1371
CL1371,cty13257,13257,1371
CL1371,cty13119,13119,1371
CL1371,cty13147,13147,1371
CL1373,cty54085,54085,1373
CL1373,cty39167,39167,1373
CL1373,cty54073,54073,1373
CL1373,cty54105,54105,1373
CL1373,cty54107,54107,1373
CL1377,cty06057,06057,1377
CL1377,cty06063,06063,1377
CL1377,cty06091,06091,1377
CL1378,cty27045,27045,1378
CL1378,cty27157,27157,1378
CL1378,cty27039,27039,1378
CL1378,cty27109,27109,1378
CL1386,cty27049,27049,1386
CL1386,cty55093,55093,1386
CL1386,cty55109,55109,1386
CL1388,cty28099,28099,1388
CL1388,cty28101,28101,1388
CL1388,cty28023,28023,1388
CL1388,cty28069,28069,1388
CL1388,cty28075,28075,1388
CL1391,cty16011,16011,1391
CL1391,cty16005,16005,1391
CL1391,cty16077,16077,1391
CL1392,cty47061,47061,1392
CL1392,cty47115,47115,1392
CL1392,cty47153,47153,1392
CL1394,cty38009,38009,1394
CL1394,cty38075,38075,1394
CL1394,cty38049,38049,1394
CL1394,cty38101,38101,1394
CL1396,cty21069,21069,1396
CL1396,cty21135,21135,1396
CL1396,cty21023,21023,1396
CL1396,cty21161,21161,1396
CL1397,cty13157,13157,1397
CL1397,cty13311,13311,1397
CL1397,cty13011,13011,1397
CL1397,cty13137,13137,1397
CL1397,cty13139,13139,1397
CL1397,cty13187,13187,1397
CL1398,cty39001,39001,1398
CL1398,cty39015,39015,1398
CL1398,cty39025,39025,1398
CL1401,cty48361,48361,1401
CL1401,cty48241,48241,1401
CL1401,cty48351,48351,1401
CL1401,cty48199,48199,1401
CL1401,cty48245,48245,1401
CL1404,cty49045,49045,1404
CL1404,cty49051,49051,1404
CL1404,cty49035,49035,1404
CL1404,cty49043,49043,1404
CL1407,cty40115,40115,1407
CL1407,cty40035,40035,1407
CL1407,cty40097,40097,1407
CL1409,cty38025,38025,1409
CL1409,cty38007,38007,1409
CL1409,cty38089,38089,1409
CL1410,cty12109,12109,1410
CL1410,cty12003,12003,1410
CL1410,cty12019,12019,1410
CL1410,cty12031,12031,1410
CL1421,cty37145,37145,1421
CL1421,cty37037,37037,1421
CL1421,cty37063,37063,1421
CL1421,cty37135,37135,1421
CL1428,cty12087,12087,1428
CL1428,cty12011,12011,1428
CL1428,cty12025,12025,1428
CL1431,cty45081,45081,1431
CL1431,cty45003,45003,1431
CL1431,cty45037,45037,1431
CL1435,cty41039,41039,1435
CL1435,cty41003,41003,1435
CL1435,cty41043,41043,1435
CL1437,cty37059,37059,1437
CL1437,cty37171,37171,1437
CL1437,cty37197,37197,1437
CL1437,cty37067,37067,1437
CL1437,cty37169,37169,1437
CL1441,cty20063,20063,1441
CL1441,cty20179,20179,1441
CL1441,cty20109,20109,1441
CL1441,cty20193,20193,1441
CL1442,cty37157,37157,1442
CL1442,cty37057,37057,1442
CL1442,cty37081,37081,1442
CL1442,cty37151,37151,1442
CL1443,cty01009,01009,1443
CL1443,cty01115,01115,1443
CL1443,cty01073,01073,1443
CL1443,cty01117,01117,1443
CL1444,cty18153,18153,1444
CL1444,cty18021,18021,1444
CL1444,cty18121,18121,1444
CL1444,cty18165,18165,1444
CL1444,cty18167,18167,1444
CL1445,cty40071,40071,1445
CL1445,cty40103,40103,1445
CL1445,cty40119,40119,1445
CL1448,cty13321,13321,1448
CL1448,cty13095,13095,1448
CL1448,cty13177,13177,1448
CL1450,cty18107,18107,1450
CL1450,cty18133,18133,1450
CL1451,cty01015,01015,1451
CL1451,cty01029,01029,1451
CL1451,cty13045,13045,1451
CL1451,cty13143,13143,1451
CL1452,cty25009,25009,1452
CL1452,cty23031,23031,1452
CL1452,cty33015,33015,1452
CL1452,cty33017,33017,1452
CL1455,cty45055,45055,1455
CL1455,cty45061,45061,1455
CL1455,cty45027,45027,1455
CL1455,cty45085,45085,1455
CL1456,cty13181,13181,1456
CL1456,cty13317,13317,1456
CL1456,cty13133,13133,1456
CL1456,cty13265,13265,1456
CL1459,cty36037,36037,1459
CL1459,cty36121,36121,1459
CL1459,cty36029,36029,1459
CL1459,cty36063,36063,1459
CL1460,cty18123,18123,1460
CL1460,cty18147,18147,1460
CL1460,cty18037,18037,1460
CL1460,cty18125,18125,1460
CL1471,cty04007,04007,1471
CL1471,cty04013,04013,1471
CL1471,cty04021,04021,1471
CL1472,cty20069,20069,1472
CL1472,cty20083,20083,1472
CL1472,cty20025,20025,1472
CL1472,cty20057,20057,1472
CL1473,cty04012,04012,1473
CL1473,cty04015,04015,1473
CL1476,cty05129,05129,1476
CL1476,cty05009,05009,1476
CL1476,cty05101,05101,1476
CL1478,cty21221,21221,1478
CL1478,cty21219,21219,1478
CL1478,cty21047,21047,1478
CL1478,cty47125,47125,1478
CL1479,cty26131,26131,1479
CL1479,cty26053,26053,1479
CL1479,cty55051,55051,1479
CL1484,cty24013,24013,1484
CL1484,cty24003,24003,1484
CL1484,cty24027,24027,1484
CL1484,cty24025,24025,1484
CL1484,cty24005,24005,1484
CL1484,cty24510,24510,1484
CL1488,cty12037,12037,1488
CL1488,cty12005,12005,1488
CL1488,cty12045,12045,1488
CL1499,cty24037,24037,1499
CL1499,cty24009,24009,1499
CL1499,cty24017,24017,1499
CL1499,cty24033,24033,1499
CL1500,cty21103,21103,1500
CL1500,cty21211,21211,1500
CL1500,cty21215,21215,1500
CL1504,cty37041,37041,1504
CL1504,cty37143,37143,1504
CL1504,cty37029,37029,1504
CL1504,cty37139,37139,1504
CL1505,cty40009,40009,1505
CL1505,cty40129,40129,1505
CL1505,cty40039,40039,1505
CL1505,cty40149,40149,1505
CL1509,cty54049,54049,1509
CL1509,cty54091,54091,1509
CL1509,cty54017,54017,1509
CL1509,cty54033,54033,1509
CL1511,cty13125,13125,1511
CL1511,cty13163,13163,1511
CL1511,cty13189,13189,1511
CL1511,cty13301,13301,1511
CL1519,cty48185,48185,1519
CL1519,cty48051,48051,1519
CL1519,cty48041,48041,1519
CL1519,cty48395,48395,1519
CL1521,cty19105,19105,1521
CL1521,cty19095,19095,1521
CL1521,cty19011,19011,1521
CL1521,cty19113,19113,1521
CL1527,cty39009,39009,1527
CL1527,cty39105,39105,1527
CL1527,cty39053,39053,1527
CL1527,cty54053,54053,1527
CL1530,cty39103,39103,1530
CL1530,cty39085,39085,1530
CL1530,cty39035,39035,1530
CL1530,cty39055,39055,1530
CL1536,cty29135,29135,1536
CL1536,cty29027,29027,1536
CL1536,cty29051,29051,1536
CL1536,cty29151,29151,1536
CL1537,cty45087,45087,1537
CL1537,cty45021,45021,1537
CL1537,cty37149,37149,1537
CL1537,cty45083,45083,1537
CL1538,cty18143,18143,1538
CL1538,cty18071,18071,1538
CL1538,cty18005,18005,1538
CL1538,cty18079,18079,1538
CL1539,cty29025,29025,1539
CL1539,cty29061,29061,1539
CL1539,cty29049,29049,1539
CL1539,cty29063,29063,1539
CL1542,cty37195,37195,1542
CL1542,cty37065,37065,1542
CL1542,cty37127,37127,1542
CL1554,cty40061,40061,1554
CL1554,cty40121,40121,1554
CL1554,cty40077,40077,1554
CL1554,cty40079,40079,1554
CL1565,cty39037,39037,1565
CL1565,cty39109,39109,1565
CL1565,cty39149,39149,1565
CL1567,cty18013,18013,1567
CL1567,cty18081,18081,1567
CL1568,cty47009,47009,1568
CL1568,cty47105,47105,1568
CL1568,cty47123,47123,1568
CL1569,cty21027,21027,1569
CL1569,cty21085,21085,1569
CL1570,cty06053,06053,1570
CL1570,cty06087,06087,1570
CL1570,cty06069,06069,1570
CL1570,cty06085,06085,1570
CL1573,cty12065,12065,1573
CL1573,cty12039,12039,1573
CL1573,cty12073,12073,1573
CL1573,cty12129,12129,1573
CL1576,cty28109,28109,1576
CL1576,cty28131,28131,1576
CL1576,cty28045,28045,1576
CL1576,cty28047,28047,1576
CL1582,cty37077,37077,1582
CL1582,cty37181,37181,1582
CL1582,cty37185,37185,1582
CL1585,cty36011,36011,1585
CL1585,cty36053,36053,1585
CL1585,cty36067,36067,1585
CL1585,cty36075,36075,1585
CL1594,cty36073,36073,1594
CL1594,cty36051,36051,1594
CL1594,cty36055,36055,1594
CL1594,cty36117,36117,1594
CL1598,cty18155,18155,1598
CL1598,cty21041,21041,1598
CL1598,cty18077,18077,1598
CL1598,cty21223,21223,1598
CL1602,cty01027,01027,1602
CL1602,cty01121,01121,1602
CL1602,cty01037,01037,1602
CL1602,cty01123,01123,1602
CL1604,cty17021,17021,1604
CL1604,cty17173,17173,1604
CL1604,cty17115,17115,1604
CL1604,cty17139,17139,1604
CL1605,cty17037,17037,1605
CL1605,cty17089,17089,1605
CL1605,cty17093,17093,1605
CL1608,cty27037,27037,1608
CL1608,cty27139,27139,1608
CL1608,cty27019,27019,1608
CL1608,cty27053,27053,1608
CL1610,cty51029,51029,1610
CL1610,cty51049,51049,1610
CL1610,cty51147,51147,1610
CL1618,cty13027,13027,1618
CL1618,cty13101,13101,1618
CL1618,cty13185,13185,1618
CL1622,cty31081,31081,1622
CL1622,cty31121,31121,1622
CL1622,cty31079,31079,1622
CL1622,cty31093,31093,1622
CL1630,cty39097,39097,1630
CL1630,cty39041,39041,1630
CL1630,cty39049,39049,1630
CL1639,cty41027,41027,1639
CL1639,cty53039,53039,1639
CL1639,cty41055,41055,1639
CL1639,cty41065,41065,1639
CL1640,cty47003,47003,1640
CL1640,cty47051,47051,1640
CL1640,cty47031,47031,1640
CL1640,cty47127,47127,1640
CL1641,cty13237,13237,1641
CL1641,cty13319,13319,1641
CL1641,cty13009,13009,1641
CL1641,cty13141,13141,1641
CL1642,cty48217,48217,1642
CL1642,cty48035,48035,1642
CL1642,cty48145,48145,1642
CL1642,cty48309,48309,1642
CL1644,cty01061,01061,1644
CL1644,cty01031,01031,1644
CL1644,cty01045,01045,1644
CL1644,cty01067,01067,1644
CL1644,cty01069,01069,1644
CL1647,cty17111,17111,1647
CL1647,cty17097,17097,1647
CL1647,cty55059,55059,1647
CL1651,cty47133,47133,1651
CL1651,cty47137,47137,1651
CL1651,cty47087,47087,1651
CL1651,cty47141,47141,1651
CL1656,cty27075,27075,1656
CL1656,cty27017,27017,1656
CL1656,cty27137,27137,1656
CL1656,cty55031,55031,1656
CL1657,cty17041,17041,1657
CL1657,cty17053,17053,1657
CL1657,cty17019,17019,1657
CL1657,cty17147,17147,1657
CL1662,cty26093,26093,1662
CL1662,cty26161,26161,1662
CL1662,cty26099,26099,1662
CL1662,cty26125,26125,1662
CL1662,cty26163,26163,1662
CL1663,cty26091,26091,1663
CL1663,cty26059,26059,1663
CL1663,cty26075,26075,1663
CL1674,cty08113,08113,1674
CL1674,cty08085,08085,1674
CL1674,cty08091,08091,1674
CL1675,cty22089,22089,1675
CL1675,cty22071,22071,1675
CL1675,cty22087,22087,1675
CL1675,cty22051,22051,1675
CL1675,cty22075,22075,1675
CL1682,cty19081,19081,1682
CL1682,cty19189,19189,1682
CL1682,cty19033,19033,1682
CL1682,cty19195,19195,1682
CL1689,cty17127,17127,1689
CL1689,cty21139,21139,1689
CL1689,cty21157,21157,1689
CL1689,cty21007,21007,1689
CL1689,cty21145,21145,1689
CL1691,cty48223,48223,1691
CL1691,cty48379,48379,1691
CL1691,cty48119,48119,1691
CL1691,cty48231,48231,1691
CL1696,cty22007,22007,1696
CL1696,cty22101,22101,1696
CL1696,cty22057,22057,1696
CL1696,cty22109,22109,1696
CL1706,cty21167,21167,1706
CL1706,cty21079,21079,1706
CL1706,cty21021,21021,1706
CL1706,cty21137,21137,1706
CL1707,cty21209,21209,1707
CL1707,cty21067,21067,1707
CL1707,cty21113,21113,1707
CL1708,cty51119,51119,1708
CL1708,cty51073,51073,1708
CL1708,cty51115,51115,1708
CL1710,cty21029,21029,1710
CL1710,cty21111,21111,1710
CL1710,cty21185,21185,1710
CL1714,cty06059,06059,1714
CL1714,cty06065,06065,1714
CL1714,cty06071,06071,1714
CL1714,cty06037,06037,1714
CL1714,cty06111,06111,1714
CL1719,cty29223,29223,1719
CL1719,cty29035,29035,1719
CL1719,cty29023,29023,1719
CL1719,cty29181,29181,1719
CL1720,cty29153,29153,1720
CL1720,cty05005,05005,1720
CL1720,cty05089,05089,1720
CL1728,cty48147,48147,1728
CL1728,cty40013,40013,1728
CL1728,cty48181,48181,1728
CL1729,cty17123,17123,1729
CL1729,cty17203,17203,1729
CL1729,cty17143,17143,1729
CL1729,cty17179,17179,1729
CL1734,cty19121,19121,1734
CL1734,cty19049,19049,1734
CL1734,cty19153,19153,1734
CL1734,cty19181,19181,1734
CL1737,cty05065,05065,1737
CL1737,cty05063,05063,1737
CL1737,cty05135,05135,1737
CL1740,cty31085,31085,1740
CL1740,cty31087,31087,1740
CL1740,cty31145,31145,1740
CL1743,cty48257,48257,1743
CL1743,cty48467,48467,1743
CL1746,cty12089,12089,1746
CL1746,cty13039,13039,1746
CL1746,cty13049,13049,1746
CL1748,cty36041,36041,1748
CL1748,cty36035,36035,1748
CL1748,cty36057,36057,1748
CL1752,cty17151,17151,1752
CL1752,cty17069,17069,1752
CL1752,cty17059,17059,1752
CL1752,cty17165,17165,1752
CL1761,cty32009,32009,1761
CL1761,cty32003,32003,1761
CL1761,cty32023,32023,1761
CL1777,cty27079,27079,1777
CL1777,cty27013,27013,1777
CL1777,cty27103,27103,1777
CL1788,cty37031,37031,1788
CL1788,cty37049,37049,1788
CL1788,cty37137,37137,1788
CL1792,cty53053,53053,1792
CL1792,cty53033,53033,1792
CL1792,cty53061,53061,1792
CL1802,cty36085,36085,1802
CL1802,cty36005,36005,1802
CL1802,cty36081,36081,1802
CL1802,cty36047,36047,1802
CL1802,cty36061,36061,1802
CL1803,cty36017,36017,1803
CL1803,cty36025,36025,1803
CL1803,cty36077,36077,1803
CL1808,cty39093,39093,1808
CL1808,cty39043,39043,1808
CL1808,cty39077,39077,1808
CL1811,cty26123,26123,1811
CL1811,cty26121,26121,1811
CL1811,cty26127,26127,1811
CL1813,cty21065,21065,1813
CL1813,cty21151,21151,1813
CL1813,cty21203,21203,1813
CL1829,cty26031,26031,1829
CL1829,cty26029,26029,1829
CL1829,cty26047,26047,1829
CL1836,cty18179,18179,1836
CL1836,cty18069,18069,1836
CL1836,cty18003,18003,1836
CL1836,cty18183,18183,1836
CL1849,cty21155,21155,1849
CL1849,cty21179,21179,1849
CL1849,cty21229,21229,1849
CL1850,cty48047,48047,1850
CL1850,cty48131,48131,1850
CL1850,cty48249,48249,1850
CL1851,cty13033,13033,1851
CL1851,cty13073,13073,1851
CL1851,cty13245,13245,1851
CL1869,cty51065,51065,1869
CL1869,cty51079,51079,1869
CL1869,cty51003,51003,1869
CL1869,cty51540,51540,1869
CL1873,cty47107,47107,1873
CL1873,cty47121,47121,1873
CL1873,cty47011,47011,1873
CL1873,cty47139,47139,1873
CL1877,cty13315,13315,1877
CL1877,cty13081,13081,1877
CL1877,cty13093,13093,1877
CL1882,cty09007,09007,1882
CL1882,cty09003,09003,1882
CL1882,cty09013,09013,1882
CL1883,cty40135,40135,1883
CL1883,cty05033,05033,1883
CL1883,cty05131,05131,1883
CL1892,cty39047,39047,1892
CL1892,cty39027,39027,1892
CL1892,cty39071,39071,1892
CL1893,cty18073,18073,1893
CL1893,cty18111,18111,1893
CL1893,cty18089,18089,1893
CL1893,cty18127,18127,1893
CL1899,cty13195,13195,1899
CL1899,cty13221,13221,1899
CL1899,cty13059,13059,1899
CL1899,cty13219,13219,1899
CL1906,cty17061,17061,1906
CL1906,cty17137,17137,1906
CL1906,cty17171,17171,1906
CL1924,cty51530,51530,1924
CL1924,cty51163,51163,1924
CL1924,cty51678,51678,1924
CL1930,cty30081,30081,1930
CL1930,cty30061,30061,1930
CL1930,cty30063,30063,1930
CL1931,cty16087,16087,1931
CL1931,cty16075,16075,1931
CL1931,cty41045,41045,1931
CL1933,cty42115,42115,1933
CL1933,cty36007,36007,1933
CL1933,cty36107,36107,1933
CL1934,cty25023,25023,1934
CL1934,cty25021,25021,1934
CL1934,cty25017,25017,1934
CL1934,cty25025,25025,1934
CL1938,cty51011,51011,1938
CL1938,cty51009,51009,1938
CL1938,cty51031,51031,1938
CL1938,cty51680,51680,1938
CL1943,cty22031,22031,1943
CL1943,cty22015,22015,1943
CL1943,cty22017,22017,1943
CL1947,cty29073,29073,1947
CL1947,cty29055,29055,1947
CL1947,cty29071,29071,1947
CL1950,cty13025,13025,1950
CL1950,cty13127,13127,1950
CL1950,cty13191,13191,1950
CL1952,cty31053,31053,1952
CL1952,cty31155,31155,1952
CL1954,cty13083,13083,1954
CL1954,cty13295,13295,1954
CL1954,cty13047,13047,1954
CL1954,cty47065,47065,1954
CL1957,cty05081,05081,1957
CL1957,cty05091,05091,1957
CL1957,cty48037,48037,1957
CL1960,cty46127,46127,1960
CL1960,cty19193,19193,1960
CL1960,cty31043,31043,1960
CL1962,cty28151,28151,1962
CL1962,cty28055,28055,1962
CL1962,cty28125,28125,1962
CL1965,cty31181,31181,1965
CL1965,cty31001,31001,1965
CL1965,cty31035,31035,1965
CL1976,cty48377,48377,1976
CL1976,cty48043,48043,1976
CL1976,cty48243,48243,1976
CL1977,cty48155,48155,1977
CL1977,cty48197,48197,1977
CL1977,cty48487,48487,1977
CL1980,cty01113,01113,1980
CL1980,cty13053,13053,1980
CL1980,cty13215,13215,1980
CL1982,cty29099,29099,1982
CL1982,cty29189,29189,1982
CL1982,cty29510,29510,1982
CL1985,cty36099,36099,1985
CL1985,cty36069,36069,1985
CL1985,cty36123,36123,1985
CL1989,cty31139,31139,1989
CL1989,cty31119,31119,1989
CL1989,cty31167,31167,1989
CL1995,cty29141,29141,1995
CL1995,cty29029,29029,1995
CL1995,cty29131,29131,1995
CL2002,cty08101,08101,2002
CL2002,cty08025,08025,2002
CL2002,cty08089,08089,2002
CL2007,cty48253,48253,2007
CL2007,cty48059,48059,2007
CL2007,cty48441,48441,2007
CL2019,cty37101,37101,2019
CL2019,cty37069,37069,2019
CL2019,cty37183,37183,2019
CL2040,cty51099,51099,2040
CL2040,cty51179,51179,2040
CL2040,cty51177,51177,2040
CL2040,cty51630,51630,2040
CL2045,cty48085,48085,2045
CL2045,cty48113,48113,2045
CL2045,cty48397,48397,2045
CL2060,cty51053,51053,2060
CL2060,cty51730,51730,2060
CL2060,cty51041,51041,2060
CL2060,cty51570,51570,2060
CL2060,cty51149,51149,2060
CL2060,cty51670,51670,2060
CL2061,cty32019,32019,2061
CL2061,cty32510,32510,2061
CL2061,cty32029,32029,2061
CL2061,cty32031,32031,2061
CL2082,cty39147,39147,2082
CL2082,cty39063,39063,2082
CL2082,cty39175,39175,2082
CL2083,cty27025,27025,2083
CL2083,cty27123,27123,2083
CL2083,cty27163,27163,2083
CL2093,cty48011,48011,2093
CL2093,cty48375,48375,2093
CL2093,cty48381,48381,2093
CL2102,cty17067,17067,2102
CL2102,cty19111,19111,2102
CL2102,cty29045,29045,2102
CL2104,cty48251,48251,2104
CL2104,cty48367,48367,2104
CL2104,cty48439,48439,2104
CL2106,cty45039,45039,2106
CL2106,cty45063,45063,2106
CL2106,cty45079,45079,2106
CL2123,cty01001,01001,2123
CL2123,cty01051,01051,2123
CL2123,cty01085,01085,2123
CL2123,cty01101,01101,2123
CL2127,cty29225,29225,2127
CL2127,cty29043,29043,2127
CL2127,cty29077,29077,2127
CL2133,cty42025,42025,2133
CL2133,cty42077,42077,2133
CL2133,cty42095,42095,2133
CL2143,cty12057,12057,2143
CL2143,cty12103,12103,2143
CL2143,cty12053,12053,2143
CL2143,cty12101,12101,2143
CL2148,cty55131,55131,2148
CL2148,cty55089,55089,2148
CL2148,cty55079,55079,2148
CL2148,cty55133,55133,2148
CL2149,cty37019,37019,2149
CL2149,cty37129,37129,2149
CL2149,cty37141,37141,2149
CL2166,cty48281,48281,2166
CL2166,cty48027,48027,2166
CL2166,cty48099,48099,2166
CL2168,cty51610,51610,2168
CL2168,cty51510,51510,2168
CL2168,cty11001,11001,2168
CL2168,cty51013,51013,2168
CL2176,cty20121,20121,2176
CL2176,cty20091,20091,2176
CL2176,cty20209,20209,2176
CL2189,cty33001,33001,2189
CL2189,cty33011,33011,2189
CL2189,cty33013,33013,2189
CL2200,cty45057,45057,2200
CL2200,cty45023,45023,2200
CL2200,cty45091,45091,2200
CL2204,cty23001,23001,2204
CL2204,cty23005,23005,2204
CL2204,cty23023,23023,2204
CL2207,cty13121,13121,2207
CL2207,cty13089,13089,2207
CL2207,cty13135,13135,2207
CL2217,cty25011,25011,2217
CL2217,cty25013,25013,2217
CL2217,cty25015,25015,2217
CL2218,cty51017,51017,2218
CL2218,cty51091,51091,2218
CL2232,cty39087,39087,2232
CL2232,cty54011,54011,2232
CL2232,cty54099,54099,2232
CL2237,cty31117,31117,2237
CL2237,cty31111,31111,2237
CL2237,cty31113,31113,2237
CL2249,cty20191,20191,2249
CL2249,cty20015,20015,2249
CL2249,cty20173,20173,2249
CL2253,cty09001,09001,2253
CL2253,cty09005,09005,2253
CL2253,cty09009,09009,2253
CL2287,cty28063,28063,2287
CL2287,cty28021,28021,2287
CL2287,cty28149,28149,2287
CL2303,cty29219,29219,2303
CL2303,cty29113,29113,2303
CL2303,cty29183,29183,2303
CL2317,cty18041,18041,2317
CL2317,cty18161,18161,2317
CL2317,cty18177,18177,2317
CL2328,cty37085,37085,2328
CL2328,cty37105,37105,2328
CL2338,cty48289,48289,2338
CL2338,cty48161,48161,2338
CL2338,cty48293,48293,2338
CL2341,cty50011,50011,2341
CL2341,cty50007,50007,2341
CL2341,cty50013,50013,2341
CL2349,cty48007,48007,2349
CL2349,cty48355,48355,2349
CL2349,cty48409,48409,2349
CL2381,cty18129,18129,2381
CL2381,cty18163,18163,2381
CL2381,cty18173,18173,2381
CL2383,cty21123,21123,2383
CL2383,cty21093,21093,2383
CL2383,cty21163,21163,2383
CL2384,cty13111,13111,2384
CL2384,cty13123,13123,2384
CL2410,cty17183,17183,2410
CL2410,cty18045,18045,2410
CL2410,cty18171,18171,2410
CL2419,cty16003,16003,2419
CL2419,cty16085,16085,2419
CL2425,cty51199,51199,2425
CL2425,cty51700,51700,2425
CL2425,cty51095,51095,2425
CL2425,cty51830,51830,2425
CL2447,cty20149,20149,2447
CL2447,cty20061,20061,2447
CL2447,cty20161,20161,2447
CL2454,cty17075,17075,2454
CL2454,cty17091,17091,2454
CL2470,cty51685,51685,2470
CL2470,cty51153,51153,2470
CL2470,cty51683,51683,2470
CL2473,cty36091,36091,2473
CL2473,cty36113,36113,2473
CL2473,cty36115,36115,2473
CL2478,cty46041,46041,2478
CL2478,cty46137,46137,2478
CL2484,cty13253,13253,2484
CL2484,cty13087,13087,2484
CL2484,cty13201,13201,2484
CL2485,cty22093,22093,2485
CL2485,cty22095,22095,2485
CL2516,cty06113,06113,2516
CL2516,cty06061,06061,2516
CL2516,cty06067,06067,2516
CL2521,cty54025,54025,2521
CL2521,cty54063,54063,2521
CL2534,cty12097,12097,2534
CL2534,cty12095,12095,2534
CL2534,cty12117,12117,2534
CL2555,cty48009,48009,2555
CL2555,cty48077,48077,2555
CL2555,cty48485,48485,2555
CL2557,cty13029,13029,2557
CL2557,cty13051,13051,2557
CL2557,cty13103,13103,2557
CL2571,cty20043,20043,2571
CL2571,cty29003,29003,2571
CL2571,cty29021,29021,2571
CL2573,cty24021,24021,2573
CL2573,cty24031,24031,2573
CL2584,cty39075,39075,2584
CL2584,cty39169,39169,2584
CL2598,cty13085,13085,2598
CL2598,cty13117,13117,2598
CL2604,cty47171,47171,2604
CL2604,cty47019,47019,2604
CL2604,cty47179,47179,2604
CL2625,cty02170,02170,2625
CL2625,cty02020,02020,2625
CL2625,cty02185,02185,2625
CL2667,cty36059,36059,2667
CL2667,cty36103,36103,2667
CL2671,cty51580,51580,2671
CL2671,cty51005,51005,2671
CL2671,cty51560,51560,2671
CL2696,cty19015,19015,2696
CL2696,cty19169,19169,2696
CL2698,cty42033,42033,2698
CL2698,cty42065,42065,2698
CL2720,cty49011,49011,2720
CL2720,cty49029,49029,2720
CL2720,cty49057,49057,2720
CL2721,cty39081,39081,2721
CL2721,cty54009,54009,2721
CL2721,cty54029,54029,2721
CL2729,cty27077,27077,2729
CL2729,cty27135,27135,2729
CL2730,cty34025,34025,2730
CL2730,cty34029,34029,2730
CL2738,cty17001,17001,2738
CL2738,cty29111,29111,2738
CL2751,cty22091,22091,2751
CL2751,cty22105,22105,2751
CL2768,cty54061,54061,2768
CL2768,cty54077,54077,2768
CL2777,cty51550,51550,2777
CL2777,cty51740,51740,2777
CL2777,cty51710,51710,2777
CL2777,cty51810,51810,2777
CL2782,cty26037,26037,2782
CL2782,cty26045,26045,2782
CL2782,cty26065,26065,2782
CL2788,cty28089,28089,2788
CL2788,cty28049,28049,2788
CL2788,cty28121,28121,2788
CL2795,cty16081,16081,2795
CL2795,cty56039,56039,2795
CL2798,cty35039,35039,2798
CL2798,cty35028,35028,2798
CL2798,cty35049,35049,2798
CL2807,cty51097,51097,2807
CL2807,cty51101,51101,2807
CL2808,cty48053,48053,2808
CL2808,cty48299,48299,2808
CL2820,cty39059,39059,2820
CL2820,cty39121,39121,2820
CL2827,cty26001,26001,2827
CL2827,cty26069,26069,2827
CL2831,cty17011,17011,2831
CL2831,cty17099,17099,2831
CL2831,cty17155,17155,2831
CL2875,cty45035,45035,2875
CL2875,cty45015,45015,2875
CL2875,cty45019,45019,2875
CL2880,cty18067,18067,2880
CL2880,cty18159,18159,2880
CL2895,cty42001,42001,2895
CL2895,cty42133,42133,2895
CL2898,cty42099,42099,2898
CL2898,cty42041,42041,2898
CL2898,cty42043,42043,2898
CL2902,cty47093,47093,2902
CL2902,cty47173,47173,2902
CL2903,cty47015,47015,2903
CL2903,cty47149,47149,2903
CL2915,cty51650,51650,2915
CL2915,cty51735,51735,2915
CL2924,cty13003,13003,2924
CL2924,cty13069,13069,2924
CL2927,cty51001,51001,2927
CL2927,cty51131,51131,2927
CL2930,cty39133,39133,2930
CL2930,cty39153,39153,2930
CL2931,cty12091,12091,2931
CL2931,cty12131,12131,2931
CL2939,cty55003,55003,2939
CL2939,cty55007,55007,2939
CL2940,cty51077,51077,2940
CL2940,cty51035,51035,2940
CL2940,cty51640,51640,2940
CL2941,cty18029,18029,2941
CL2941,cty18115,18115,2941
CL2948,cty51081,51081,2948
CL2948,cty51595,51595,2948
CL2954,cty10003,10003,2954
CL2954,cty24015,24015,2954
CL2957,cty13017,13017,2957
CL2957,cty13155,13155,2957
CL2959,cty36043,36043,2959
CL2959,cty36065,36065,2959
CL2971,cty26109,26109,2971
CL2971,cty55075,55075,2971
CL2974,cty55078,55078,2974
CL2974,cty55115,55115,2974
CL2976,cty45017,45017,2976
CL2976,cty45075,45075,2976
CL2988,cty37099,37099,2988
CL2988,cty37173,37173,2988
CL2996,cty06017,06017,2996
CL2996,cty32005,32005,2996
CL2999,cty45013,45013,2999
CL2999,cty45053,45053,2999
CL3006,cty05115,05115,3006
CL3006,cty05149,05149,3006
CL3035,cty16031,16031,3035
CL3035,cty16067,16067,3035
CL3051,cty27167,27167,3051
CL3051,cty38077,38077,3051
CL3054,cty36079,36079,3054
CL3054,cty36119,36119,3054
CL3057,cty01033,01033,3057
CL3057,cty01077,01077,3057
CL3058,cty13213,13213,3058
CL3058,cty13313,13313,3058
CL3062,cty28015,28015,3062
CL3062,cty28083,28083,3062
CL3066,cty12033,12033,3066
CL3066,cty12113,12113,3066
CL3068,cty41047,41047,3068
CL3068,cty41053,41053,3068
CL3069,cty17129,17129,3069
CL3069,cty17167,17167,3069
CL3071,cty17007,17007,3071
CL3071,cty17201,17201,3071
CL3072,cty13209,13209,3072
CL3072,cty13279,13279,3072
CL3075,cty48261,48261,3075
CL3075,cty48273,48273,3075
CL3078,cty06101,06101,3078
CL3078,cty06115,06115,3078
CL3090,cty46083,46083,3090
CL3090,cty46099,46099,3090
CL3093,cty21059,21059,3093
CL3093,cty21091,21091,3093
CL3096,cty08041,08041,3096
CL3096,cty08119,08119,3096
CL3101,cty29127,29127,3101
CL3101,cty29173,29173,3101
CL3102,cty39057,39057,3102
CL3102,cty39113,39113,3102
CL3104,cty26043,26043,3104
CL3104,cty55037,55037,3104
CL3107,cty28035,28035,3107
CL3107,cty28073,28073,3107
CL3108,cty51083,51083,3108
CL3108,cty51780,51780,3108
CL3109,cty16069,16069,3109
CL3109,cty53003,53003,3109
CL3114,cty01005,01005,3114
CL3114,cty13239,13239,3114
CL3115,cty27027,27027,3115
CL3115,cty38017,38017,3115
CL3118,cty53007,53007,3118
CL3118,cty53017,53017,3118
CL3123,cty26061,26061,3123
CL3123,cty26083,26083,3123
CL3125,cty46065,46065,3125
CL3125,cty46117,46117,3125
CL3126,cty16019,16019,3126
CL3126,cty16023,16023,3126
CL3127,cty53005,53005,3127
CL3127,cty53021,53021,3127
CL3128,cty48221,48221,3128
CL3128,cty48425,48425,3128
CL3129,cty48111,48111,3129
CL3129,cty48205,48205,3129
CL3132,cty46093,46093,3132
CL3132,cty46103,46103,3132
CL3133,cty27009,27009,3133
CL3133,cty27145,27145,3133
CL3136,cty51019,51019,3136
CL3136,cty51515,51515,3136
CL3137,cty32007,32007,3137
CL3137,cty32011,32011,3137
CL3138,cty51195,51195,3138
CL3138,cty51720,51720,3138
CL1001021,cty01021,01021,1001021
CL1002122,cty02122,02122,1002122
CL1005035,cty05035,05035,1005035
CL1013013,cty13013,13013,1013013
CL1018097,cty18097,18097,1018097
CL1039061,cty39061,39061,1039061
CL1051033,cty51033,51033,1051033
CL1051067,cty51067,51067,1051067
CL1051125,cty51125,51125,1051125
